,Unnamed: 0,Date,slope,5,10,15,49,54,61,66,74,95,101,107,124,129,134,138,144,149,184,189,195,201,206,211,254,260,265,270,309,316,328,334,346,351,368,374,386,391,396,400,1,Time
0,289,2013-06-01 00:00:00,15.22320419,19.32,27.31,27.36,27.33,17.37,27.26,27.31,27.26,,27.33,27.36,27.31,27.19,27.31,18.44,27.24,27.04,20.37,19.87,20.03,16.77,20.41,18.79,18.37,18.51,19.98,18.72,21.13,19.56,,18.99,18.51,18.49,27.24,27.21,19.39,22.66,17.27,19.91,,0
79,368,2013-06-04 07:00:00,-3.335545199,8.57,8.57,12.34,8.07,9.14,19.32,19.32,19.84,,19.79,19.7,8.42,8.17,7.02,8.22,19.56,19.53,6.74,7.95,8.2,8.34,8.07,6.05,7.42,7.62,7.9,7.34,9.58,9.39,,10.25,11.13,11.54,19.84,19.91,10.32,9.19,11.64,10.76,,7
120,409,2013-06-06 00:00:00,0.513757855,11.13,10.64,10.08,11.01,9.53,19.94,20.08,20.03,,9.58,10.69,10.69,10.59,9.73,9.49,10.74,9.61,10.64,10.96,11.2,8.97,11.32,10.22,9.9,10.64,10.81,10.2,11.57,10.32,,11.88,12.17,12.22,20.13,19.98,11.27,12.85,11.78,12.63,,0
132,421,2013-06-06 12:00:00,-1.967776349,18.18,18.13,18.82,16.82,18.22,22.06,22.99,22.71,,16.3,16.27,20.46,18.58,17.65,17.42,16.61,15.87,15.94,16.51,16.51,18.99,18.18,16.7,16.11,17.13,17.87,17.68,18.68,19.06,,19.27,19.29,20.27,23.18,22.99,19.27,18.13,19.51,19.32,,12
156,445,2013-06-07 12:00:00,0.666356062,8.39,8.17,7.34,7.82,9.26,19.77,19.79,19.7,,6.97,6.61,8.89,7.97,6.89,8.82,7.97,6.99,6.91,7.42,8.3,8.72,8.22,6.94,6.86,7.72,8.0,7.65,8.87,9.26,,9.46,9.73,10.39,19.91,19.79,9.71,9.39,10.37,10.0,,12
169,458,2013-06-08 01:00:00,-0.789617743,9.46,9.36,8.54,9.41,10.35,17.53,17.53,17.56,,8.64,8.32,9.51,9.21,8.3,9.68,9.41,8.72,8.54,9.11,9.39,9.71,9.26,8.07,8.52,9.06,9.41,9.06,10.0,10.2,,10.39,10.81,11.15,17.61,17.53,10.69,10.37,11.32,10.93,,1
195,484,2013-06-09 03:00:00,0.489015302,10.39,9.66,9.66,10.59,9.41,13.52,12.92,14.39,,9.95,9.85,10.1,9.98,9.41,9.9,10.59,9.83,10.22,10.25,10.47,9.06,10.59,9.61,9.73,11.03,10.93,10.49,10.64,10.66,,10.96,11.73,11.73,19.98,19.96,10.71,11.3,11.42,12.85,,3
201,490,2013-06-09 09:00:00,-1.521975935,15.84,15.37,15.7,15.01,15.63,20.06,20.39,19.75,,13.16,12.7,16.63,15.03,14.24,15.1,14.46,13.11,13.95,14.43,15.29,15.8,14.89,12.58,14.07,14.84,15.75,14.22,16.44,17.32,,16.37,17.08,17.84,24.56,26.06,17.18,16.56,18.01,17.92,,9
210,499,2013-06-09 18:00:00,0.119929595,16.63,17.18,15.32,16.73,17.08,23.57,23.67,23.35,,15.96,15.94,16.7,15.13,15.18,17.56,17.75,15.92,15.32,14.39,16.46,16.49,16.53,15.06,13.83,14.24,16.82,16.61,16.82,17.8,,17.84,16.87,16.84,24.58,24.53,18.6,18.34,18.27,19.77,,18
232,521,2013-06-10 16:00:00,-0.120914324,15.82,15.72,14.89,15.37,16.25,15.72,16.18,14.12,,14.63,14.58,16.68,15.49,15.01,16.03,15.51,14.6,14.7,15.18,15.46,16.15,15.65,14.27,14.48,14.96,15.99,15.61,16.25,16.58,,16.49,17.08,17.3,23.23,23.04,17.37,16.3,17.32,16.92,,16
291,580,2013-06-13 03:00:00,1.415946126,9.26,8.62,7.92,9.73,7.77,7.65,8.22,7.54,,7.92,9.31,8.2,8.3,7.22,7.34,8.84,7.87,8.15,8.84,8.99,7.12,8.89,7.39,7.87,8.62,8.49,7.67,10.39,8.15,,8.77,9.16,9.53,15.51,15.58,9.11,10.15,8.92,9.71,,3
297,586,2013-06-13 09:00:00,-0.740237514,16.34,15.32,15.72,15.99,14.65,15.22,16.77,14.36,,12.92,13.98,16.82,14.31,14.67,15.22,14.34,13.62,14.84,15.46,16.11,15.34,14.31,11.71,15.65,15.37,16.99,13.26,16.39,18.22,,15.41,16.08,16.11,15.63,14.65,16.58,16.92,16.58,16.23,,9
318,607,2013-06-14 06:00:00,0.034281896,10.35,10.25,9.49,10.49,10.15,10.03,10.2,9.09,,9.02,8.84,10.25,10.1,9.36,10.05,10.03,9.02,9.11,9.83,10.35,9.73,10.39,8.82,9.88,10.54,11.39,9.73,10.81,10.49,,10.83,11.32,11.81,16.73,16.63,10.98,10.69,11.64,11.32,,6
323,612,2013-06-14 11:00:00,-3.282992714,16.51,16.08,17.18,16.3,15.65,15.99,17.75,14.98,,13.74,14.98,18.22,16.01,16.13,15.84,15.72,15.1,15.58,15.87,16.15,16.89,16.3,15.06,15.39,16.08,17.01,16.61,17.49,17.99,,17.8,17.89,18.84,20.48,20.22,17.94,17.75,18.6,17.65,,11
359,648,2013-06-15 23:00:00,2.85563123,12.51,12.44,12.34,13.91,10.15,11.81,11.81,12.63,,13.28,12.9,11.98,11.78,12.9,10.64,13.67,12.56,12.73,11.98,12.36,8.32,12.34,11.08,11.25,11.71,12.24,11.44,13.64,12.65,,11.42,11.18,11.54,14.72,12.51,11.52,12.92,10.88,12.82,,23
372,661,2013-06-16 12:00:00,-0.413610032,18.87,18.37,18.6,18.08,18.84,19.08,20.7,17.37,,17.25,17.51,20.17,18.79,18.56,18.34,17.7,17.15,17.18,17.49,17.58,18.51,18.44,16.96,16.65,17.56,18.46,18.01,18.7,18.75,,18.2,18.44,18.63,18.51,18.63,19.08,18.58,18.84,18.89,,12
388,677,2013-06-17 04:00:00,0.422560389,11.78,12.07,11.37,11.13,10.2,11.52,11.37,11.2,,11.54,11.05,11.27,11.57,11.39,11.47,12.34,11.3,11.3,11.3,11.95,11.39,11.83,11.22,11.1,11.39,11.66,11.61,11.93,11.57,,11.73,11.25,11.76,11.47,11.69,11.13,12.39,11.18,12.49,,4
392,681,2013-06-17 08:00:00,-1.955535314,14.98,14.82,14.89,14.46,14.51,14.6,15.56,13.79,,13.93,13.45,15.75,14.7,14.03,15.41,15.41,14.07,14.82,15.56,15.96,15.56,14.51,12.97,14.0,15.06,14.89,13.79,15.44,15.75,,15.15,15.61,15.56,14.15,14.82,15.25,16.18,15.82,16.42,,8
432,721,2013-06-19 00:00:00,0.228694504,10.27,9.06,8.52,10.44,7.62,9.85,9.06,8.17,,8.42,9.61,9.06,9.31,8.54,8.57,8.87,8.12,8.62,8.89,9.73,7.17,10.39,7.85,9.06,10.37,10.64,8.94,11.03,9.93,,12.15,8.99,9.61,11.1,10.57,9.51,10.49,9.02,10.25,,0
440,729,2013-06-19 08:00:00,-5.340056668,13.62,12.44,12.82,13.16,11.88,12.2,12.49,10.79,,9.88,10.93,12.87,12.53,11.93,12.82,11.95,10.74,11.57,12.44,12.82,11.98,11.69,9.95,12.82,12.8,13.4,10.74,13.69,14.84,,13.31,14.22,14.19,12.61,13.14,14.17,13.83,14.75,14.94,,8
457,746,2013-06-20 01:00:00,2.247466826,9.66,9.26,9.02,9.71,6.33,8.62,9.02,8.52,,8.1,9.73,8.52,8.97,8.27,6.86,8.82,8.07,8.67,8.42,9.26,5.54,9.36,9.39,8.39,9.36,9.44,8.42,11.13,7.49,,8.17,8.82,8.97,11.22,8.44,8.42,9.83,7.87,9.04,,1
465,754,2013-06-20 09:00:00,-1.634750855,15.7,15.08,15.7,15.63,14.67,15.22,17.37,14.29,,13.06,13.45,16.51,15.32,15.03,14.89,14.46,13.21,14.36,15.58,15.25,15.22,14.34,12.63,15.08,15.15,16.06,13.79,15.75,17.89,,14.84,15.75,16.39,14.96,15.01,15.65,15.84,16.25,15.87,,9
478,767,2013-06-20 22:00:00,1.824697341,13.09,12.63,13.62,14.12,10.71,13.4,13.04,14.12,,15.01,13.95,12.73,12.65,12.97,11.81,13.91,12.82,13.45,13.79,14.98,10.08,13.86,13.06,13.21,13.14,13.62,12.92,13.74,11.86,,12.29,12.85,13.06,16.96,13.14,12.73,15.65,12.73,14.72,,22
492,781,2013-06-21 12:00:00,-2.131058487,21.29,20.87,22.49,20.1,20.08,20.98,23.18,20.15,,18.63,18.65,24.32,21.27,20.96,20.13,19.6,18.41,18.65,19.65,19.15,20.96,20.44,19.27,18.84,19.94,20.37,20.25,21.39,21.18,,21.6,21.37,21.92,20.34,21.06,21.25,21.22,21.53,21.6,,12
502,791,2013-06-21 22:00:00,0.773594569,15.75,14.79,16.25,16.58,13.33,15.72,15.1,17.56,,15.08,16.99,15.13,15.15,15.37,13.86,16.03,14.75,15.84,16.37,16.3,12.49,16.23,15.37,15.18,15.72,16.18,15.41,17.23,14.51,,14.96,15.13,15.65,18.72,15.49,15.37,17.58,15.08,17.13,,22
519,808,2013-06-22 15:00:00,-0.213837459,21.2,21.03,20.44,21.2,20.17,21.08,22.2,20.29,,20.84,20.48,22.87,20.53,21.03,21.27,21.39,20.53,20.94,20.89,21.2,21.6,21.32,20.1,20.6,20.29,21.27,21.32,20.89,22.11,,21.08,21.46,20.98,21.65,22.08,21.39,22.37,21.99,22.32,,15
552,841,2013-06-24 00:00:00,0.125988193,17.37,17.61,17.72,18.37,16.65,17.87,17.42,18.37,,18.08,18.3,17.82,17.49,18.22,17.87,18.94,18.46,18.22,17.58,17.8,17.49,18.06,17.87,17.65,17.3,18.18,17.37,17.89,17.56,,17.75,17.61,18.11,18.87,17.8,17.7,18.56,17.72,18.37,,0
562,851,2013-06-24 10:00:00,-1.002684425,23.67,23.62,23.59,23.47,21.87,22.71,24.77,22.13,,21.41,21.84,24.7,23.3,23.28,22.82,22.63,21.53,22.25,22.59,22.85,23.04,22.32,21.06,22.06,22.32,22.92,21.99,23.79,24.58,,23.23,23.3,23.67,23.06,23.74,23.79,23.76,23.38,24.73,,10
570,859,2013-06-24 18:00:00,0.669972259,18.77,18.72,18.82,19.13,18.27,18.96,18.89,18.32,,18.58,18.22,19.27,18.87,18.51,18.91,19.22,18.39,18.41,18.79,19.08,19.03,18.99,18.15,18.41,18.7,19.01,18.75,18.79,19.13,,18.96,18.84,18.89,19.29,19.46,18.51,19.75,18.99,18.7,,18
575,864,2013-06-24 23:00:00,-5.149575433,17.18,17.44,16.77,16.8,17.99,17.15,16.84,15.96,,15.92,15.99,17.49,17.06,16.2,17.37,16.84,16.03,15.8,16.75,16.89,17.8,17.32,15.51,16.03,16.68,17.42,17.34,17.84,18.18,,17.94,18.68,19.01,17.08,17.8,18.7,18.22,18.7,18.89,,23
579,868,2013-06-25 03:00:00,0.421147273,16.7,16.2,16.37,17.51,16.15,16.56,16.18,16.8,,16.03,17.27,16.51,16.37,17.25,16.7,17.75,17.23,17.46,16.87,16.87,16.56,16.68,15.99,16.11,16.56,17.2,16.27,16.61,16.8,,16.94,16.42,16.89,18.15,17.42,16.3,17.18,16.8,17.32,,3
593,882,2013-06-25 17:00:00,-4.154202422,19.84,19.94,19.91,19.77,20.46,20.27,20.75,19.41,,18.7,18.08,20.58,20.41,20.27,20.15,19.75,18.44,18.3,19.13,19.75,20.37,20.41,19.37,18.58,19.44,20.44,19.91,20.63,20.65,,20.56,21.22,20.94,20.32,21.27,21.1,21.06,21.82,21.84,,17
699,988,2013-06-30 03:00:00,1.11997253,16.18,16.56,16.11,16.32,15.72,16.34,16.56,16.3,,15.92,15.18,17.53,16.3,15.92,16.99,16.65,15.37,15.99,16.56,17.27,16.61,17.13,15.87,15.61,16.18,16.61,16.51,16.87,16.75,,16.63,16.84,16.89,18.18,16.77,16.42,17.23,16.46,17.23,,3
703,992,2013-06-30 07:00:00,-0.477122554,18.01,17.89,17.13,18.65,17.65,17.03,17.63,16.32,,16.53,15.56,17.8,17.3,16.63,17.56,17.53,15.99,16.8,17.99,18.32,17.68,17.37,15.84,16.96,17.42,17.46,16.89,18.25,18.91,,17.94,17.89,17.8,17.58,18.56,17.99,19.2,17.75,18.46,,7
720,9049,2014-06-01 00:00:00,1.219531889,8.17,7.42,8.82,9.21,6.66,7.85,7.92,9.66,7.29,7.62,8.87,7.95,7.92,7.67,6.84,7.87,7.54,7.9,7.95,8.94,6.08,8.67,8.02,,8.99,8.82,8.1,9.39,7.34,,7.75,8.0,8.34,10.22,7.7,,9.36,7.57,8.22,,0
731,9060,2014-06-01 11:00:00,-0.858004118,18.77,19.06,21.63,19.22,19.51,19.27,20.77,18.87,19.01,17.18,17.44,22.08,18.82,18.32,18.56,18.75,19.06,18.03,19.63,18.2,20.46,19.56,17.8,,18.96,18.96,19.08,19.51,19.87,,19.06,19.6,19.89,18.63,18.72,,19.22,19.67,19.01,,11
734,9063,2014-06-01 14:00:00,1.742370884,20.32,20.91,22.75,19.82,21.53,21.49,21.7,20.79,20.44,18.84,18.84,25.5,20.41,19.87,21.06,20.67,19.18,19.44,19.48,19.39,21.39,20.39,19.22,,19.94,19.77,20.29,21.32,20.27,,21.46,20.87,20.63,21.22,21.46,,20.29,20.58,20.37,,14
778,9107,2014-06-03 10:00:00,-1.760339738,22.18,22.18,23.52,22.61,22.32,22.56,24.2,21.68,22.47,21.25,22.97,24.17,22.61,22.68,22.13,21.94,22.27,21.8,22.35,21.82,23.62,22.75,21.2,,22.66,23.4,23.18,22.87,23.71,,22.11,23.47,23.04,21.87,21.75,,22.03,23.69,22.75,,10
887,9216,2014-06-07 23:00:00,0.006939198,15.32,14.03,14.39,15.82,12.36,13.74,14.31,13.93,13.64,13.81,15.68,14.1,14.27,13.38,12.63,14.07,12.87,13.71,14.48,15.15,11.66,14.98,14.82,,14.46,14.65,13.91,16.01,13.86,16.42,14.07,14.29,15.18,16.92,15.08,14.51,16.32,13.93,15.72,,23
898,9227,2014-06-08 10:00:00,-2.165143434,22.49,22.11,23.18,22.56,22.01,22.15,23.81,21.06,22.47,20.98,21.99,23.59,21.77,22.71,21.27,21.27,21.01,21.1,21.75,21.46,22.15,21.8,19.84,,21.8,22.66,21.82,22.68,23.86,22.37,21.8,23.18,22.97,22.06,22.06,22.68,22.42,23.28,22.66,,10
910,9239,2014-06-08 22:00:00,0.296033036,17.23,16.2,17.65,17.65,15.25,16.73,16.58,18.39,16.15,17.61,16.53,16.75,16.13,16.63,15.46,16.77,15.37,16.42,17.56,17.89,14.34,17.32,16.46,,17.15,17.56,16.51,18.32,15.94,19.03,16.46,16.77,17.27,19.65,16.8,17.13,18.63,16.65,18.22,,22
921,9250,2014-06-09 09:00:00,-1.181837848,22.2,21.72,22.51,22.23,21.56,21.15,23.09,20.08,21.77,20.1,20.27,22.49,21.56,21.84,20.94,20.75,20.13,21.13,21.7,20.65,21.18,20.79,19.41,,21.08,22.18,20.53,22.13,23.86,21.92,21.58,21.13,21.96,21.29,21.99,21.63,22.68,22.71,21.87,,9
964,9293,2014-06-11 04:00:00,0.800084877,8.62,8.27,8.32,10.74,7.19,9.11,8.22,8.44,8.07,8.54,7.7,9.02,9.41,8.59,7.34,9.51,8.92,9.61,10.49,9.63,7.02,10.1,8.49,,10.08,9.34,9.83,10.59,8.22,10.08,8.32,8.97,9.39,12.24,8.34,8.67,10.57,8.84,9.34,,4
969,9298,2014-06-11 09:00:00,-3.766283448,16.84,15.82,16.61,17.18,16.46,16.23,17.7,15.03,17.06,15.41,15.13,17.44,16.75,16.58,16.2,15.87,15.27,15.89,16.68,16.56,16.8,16.32,14.46,,16.89,17.7,16.44,16.82,18.75,16.15,16.51,17.46,17.61,16.13,16.27,16.84,17.03,18.91,17.7,,9
1082,9411,2014-06-16 02:00:00,2.181721446,11.15,10.15,10.66,11.44,7.62,10.32,10.22,9.44,9.34,10.35,10.93,9.78,10.2,10.12,9.88,11.13,9.83,9.11,10.44,10.83,8.17,10.83,10.81,,10.81,10.54,10.25,10.69,10.74,11.64,10.93,10.76,9.51,12.44,11.35,10.3,12.34,8.92,10.83,,2
1089,9418,2014-06-16 09:00:00,-0.809248057,17.08,16.37,16.56,17.27,16.27,16.65,18.15,15.1,17.2,14.34,15.46,17.72,16.46,16.49,16.37,15.72,15.22,15.15,16.75,16.87,16.75,15.63,14.15,,16.65,17.27,15.22,16.89,19.27,16.13,16.51,16.39,16.94,16.13,15.89,16.87,17.3,17.94,16.77,,9
1103,9432,2014-06-16 23:00:00,0.87115205,15.96,15.03,16.03,15.77,14.63,15.44,15.41,16.7,15.15,15.08,15.53,15.8,14.72,15.22,14.7,15.44,13.91,13.64,16.13,16.39,13.93,15.65,14.82,,15.37,15.92,15.08,16.7,15.46,15.8,15.46,15.34,15.27,17.75,15.84,15.63,17.06,15.65,16.56,,23
1114,9443,2014-06-17 10:00:00,-1.497654815,21.68,21.22,21.92,22.11,21.18,21.53,23.38,20.6,21.82,20.46,21.32,23.14,21.65,21.82,20.82,21.13,20.77,20.27,21.6,21.2,21.58,20.94,19.7,,21.44,22.13,21.18,21.87,23.28,22.15,21.25,22.01,22.01,21.2,20.89,21.7,21.96,22.66,22.06,,10
1126,9455,2014-06-17 22:00:00,0.058204593,18.08,18.08,18.84,18.65,16.84,18.08,18.32,18.82,17.84,18.63,17.3,19.25,18.27,18.44,17.63,18.63,16.53,16.65,19.46,19.6,16.53,19.77,18.27,,18.06,19.06,18.56,19.37,18.99,20.17,18.41,18.58,18.53,19.77,18.87,18.46,20.46,18.46,19.75,,22
1130,9459,2014-06-18 02:00:00,-0.148050496,16.56,16.8,16.65,16.96,16.99,17.08,17.13,16.42,17.25,16.58,15.94,17.49,17.18,16.65,17.27,17.2,16.18,16.08,16.89,17.08,17.42,17.32,16.42,,16.7,17.27,16.94,16.94,16.82,16.87,17.03,16.94,17.37,17.42,17.27,17.03,16.99,17.25,17.3,,2
1202,9531,2014-06-21 02:00:00,1.671438564,8.37,7.07,6.91,8.92,6.36,7.54,7.42,6.66,7.29,7.34,7.62,8.15,7.49,6.86,8.02,8.49,6.81,7.34,7.65,9.09,6.05,8.77,7.32,,9.06,8.49,7.75,8.84,8.62,8.42,8.44,7.42,7.77,9.14,9.09,7.87,9.06,7.17,8.42,,2
1208,9537,2014-06-21 08:00:00,-1.024479392,13.4,12.58,12.56,12.27,12.8,11.13,12.73,10.83,12.75,10.39,10.49,12.2,11.73,11.76,12.05,11.64,10.57,11.2,12.39,11.88,11.86,11.18,9.56,,11.44,12.46,10.54,12.78,15.08,12.22,12.61,11.86,12.41,11.83,12.12,11.69,12.73,13.76,12.24,,8
1224,9553,2014-06-22 00:00:00,1.906692778,9.34,7.95,8.62,10.03,6.66,8.69,8.47,8.22,7.77,8.52,9.06,8.47,8.87,7.59,7.29,8.77,7.65,8.59,8.87,9.58,6.03,9.9,9.14,,9.19,9.51,8.34,9.95,8.82,10.1,8.34,7.97,8.87,10.57,9.46,8.3,9.85,7.92,8.69,,0
1232,9561,2014-06-22 08:00:00,-0.882751593,14.41,13.76,13.83,14.7,14.43,13.71,14.15,12.29,14.65,11.39,12.63,14.29,14.03,13.43,13.83,13.21,12.41,13.35,14.19,14.31,13.88,13.4,11.93,,14.51,15.08,12.8,14.41,16.63,13.35,14.53,13.88,13.98,13.69,14.03,13.83,14.86,15.61,14.0,,8
1246,9575,2014-06-22 22:00:00,0.082947941,12.51,11.9,13.16,13.55,11.18,12.75,12.24,12.97,11.66,12.68,11.76,13.06,12.78,12.1,11.49,12.78,11.42,11.81,13.16,13.62,10.32,13.47,12.65,,12.63,13.47,12.7,14.31,12.17,14.07,12.15,12.46,12.92,14.19,12.87,12.73,13.71,12.58,13.74,,22
1261,9590,2014-06-23 13:00:00,-0.455315744,21.77,21.32,21.75,21.03,21.65,21.27,23.04,20.41,21.37,20.82,20.46,24.73,21.87,22.32,20.96,20.65,19.94,19.56,20.25,20.41,21.8,21.63,20.53,,21.22,21.7,21.72,21.46,21.68,21.6,21.63,22.18,22.13,21.27,21.27,21.92,21.1,21.94,21.32,,13
1346,9675,2014-06-27 02:00:00,1.193112622,12.29,11.64,12.05,13.26,10.49,11.42,12.0,11.42,11.69,11.57,12.0,11.9,11.71,11.1,11.01,12.29,11.2,11.49,12.51,12.73,10.3,12.53,11.39,,12.78,12.1,11.71,12.58,11.47,13.52,11.54,11.76,12.1,13.4,11.95,11.78,12.85,11.44,12.07,,2
1353,9682,2014-06-27 09:00:00,-4.408082875,18.65,17.23,17.75,19.22,18.22,17.25,18.44,16.34,17.63,13.88,16.92,18.15,16.37,17.01,16.84,15.72,14.41,15.92,16.89,18.34,16.96,16.99,14.17,,18.34,18.37,15.2,19.01,21.01,18.65,18.32,18.37,19.15,18.27,18.2,18.96,19.65,19.87,19.29,,9
1367,9696,2014-06-27 23:00:00,0.886220018,14.75,13.67,15.18,15.58,12.78,14.65,14.29,15.77,13.31,14.41,14.79,14.48,14.36,14.31,12.92,14.34,13.69,14.55,15.39,15.32,11.95,15.06,14.51,,15.08,15.01,14.36,15.68,13.67,16.63,13.86,14.36,14.65,16.94,14.6,14.07,15.89,14.12,15.22,,23
1378,9707,2014-06-28 10:00:00,-2.271762933,22.03,21.15,21.72,22.27,20.77,21.46,22.03,19.48,22.11,20.03,22.42,22.51,19.96,21.22,21.13,19.25,19.08,18.94,20.06,21.32,20.32,19.13,18.2,,20.37,20.65,18.65,22.18,23.35,22.66,20.94,22.51,21.89,21.99,21.72,22.51,22.73,22.23,22.27,,10
1390,9719,2014-06-28 22:00:00,0.864489548,15.8,15.37,17.13,16.51,13.45,15.63,15.65,17.01,14.65,16.42,15.46,15.8,15.65,16.01,14.72,15.49,14.67,15.08,16.65,16.94,12.56,16.23,15.84,,15.2,16.18,15.49,17.51,14.89,18.15,14.82,15.58,15.68,17.65,15.92,15.41,17.94,15.2,17.37,,22
1402,9731,2014-06-29 10:00:00,-0.159411121,22.27,21.89,22.85,23.04,21.89,21.29,24.1,21.13,22.66,21.49,23.3,24.29,22.73,23.42,22.06,21.77,21.25,21.72,22.54,22.35,22.56,22.08,19.13,,22.54,21.56,19.46,22.66,24.1,22.66,21.94,22.49,22.18,22.32,21.22,22.59,22.68,22.82,22.42,,10
1413,9742,2014-06-29 21:00:00,0.334265707,17.63,18.27,18.46,19.18,16.87,18.41,18.32,18.82,19.18,19.08,17.18,18.99,18.6,18.87,18.2,18.41,17.68,18.08,18.87,19.18,17.8,19.34,18.41,,18.32,18.96,18.37,19.53,19.29,19.84,18.03,18.46,18.79,20.79,19.41,18.51,20.7,18.39,20.51,,21
1426,9755,2014-06-30 10:00:00,-1.105626479,23.93,23.45,23.55,24.12,23.26,23.35,24.99,22.2,24.2,22.63,24.27,25.14,23.62,23.33,23.09,23.09,22.73,22.75,23.55,23.04,23.52,22.71,21.41,,23.14,23.64,22.82,23.35,25.04,23.64,23.23,23.95,24.2,23.38,23.11,23.35,23.86,24.58,23.69,,10
1543,17912,2015-06-05 07:00:00,1.529348942,11.59,10.64,10.69,11.64,10.15,11.27,10.76,10.3,10.25,10.49,11.08,11.18,10.54,10.61,10.25,10.47,11.61,12.2,,10.74,10.42,10.25,10.54,10.44,11.52,10.98,,10.83,10.81,10.57,10.2,10.35,,10.54,10.52,10.44,10.2,10.91,10.35,11.27,7
1546,17915,2015-06-05 10:00:00,-2.325539239,12.78,12.78,13.04,12.61,13.45,13.28,13.95,12.68,13.38,12.44,12.24,14.12,13.55,13.26,13.21,13.31,12.63,12.94,,13.31,13.64,13.59,12.51,12.8,13.21,14.05,18.37,12.87,12.9,12.61,13.09,13.43,14.12,12.15,12.8,13.5,12.78,14.19,13.57,12.46,10
1586,17955,2015-06-07 02:00:00,0.382315097,6.56,5.87,6.28,8.49,3.49,6.36,6.23,5.49,5.13,6.61,7.17,6.99,6.18,5.67,5.41,7.32,6.31,5.85,,7.47,4.09,7.67,7.14,7.12,7.77,6.86,18.7,6.91,6.69,8.15,7.27,7.04,6.99,8.62,7.22,6.08,8.67,5.98,7.54,7.27,2
1593,17962,2015-06-07 09:00:00,-1.530480362,14.36,14.1,14.58,14.75,13.88,14.17,14.75,12.36,14.58,12.29,12.51,14.51,14.03,13.86,13.95,13.31,12.7,13.71,,14.27,14.46,13.62,11.81,14.0,15.27,15.01,18.27,15.03,16.46,13.93,14.19,14.79,14.34,14.07,14.29,15.15,14.51,15.39,14.63,14.51,9
1625,17994,2015-06-08 17:00:00,1.179064479,13.95,14.03,13.69,13.83,14.12,13.91,14.27,13.62,14.84,13.45,12.92,14.7,13.55,13.43,14.7,14.1,12.9,13.71,,14.41,14.12,14.22,13.64,13.69,13.4,14.41,20.72,14.12,14.12,13.69,13.74,13.71,13.88,13.79,14.31,13.86,14.24,14.22,13.81,14.22,17
1634,18003,2015-06-09 02:00:00,-0.353768135,14.51,14.63,14.29,14.55,14.7,14.31,14.65,14.51,15.08,14.34,13.47,15.32,14.6,14.41,15.13,14.79,13.98,14.07,,15.15,14.82,14.98,14.43,14.36,13.64,14.86,23.04,15.08,14.84,14.75,14.94,15.39,15.27,14.75,15.18,14.82,15.01,14.36,15.37,14.7,2
1676,18045,2015-06-10 20:00:00,0.415919724,15.39,16.61,16.03,15.2,15.13,15.41,15.89,16.18,15.94,15.68,13.4,16.39,15.63,15.56,15.51,15.29,13.98,14.1,,16.65,14.82,16.46,15.03,14.41,14.65,15.13,15.22,16.68,16.65,17.03,16.84,15.27,16.56,17.65,16.7,15.61,17.68,15.75,17.8,17.8,20
1689,18058,2015-06-11 09:00:00,-2.826739988,20.34,20.37,19.79,20.75,21.03,19.46,20.17,18.39,20.37,18.46,18.13,20.6,19.91,19.58,19.94,19.79,18.51,19.13,,20.06,20.34,18.94,18.13,19.37,21.03,20.58,18.94,20.79,22.32,19.22,20.2,20.48,20.72,20.25,21.25,21.65,20.44,21.51,22.32,21.2,9
1847,18216,2015-06-17 23:00:00,1.723421774,11.66,10.22,12.51,12.27,9.16,11.39,11.08,13.57,10.25,12.39,11.95,11.13,11.22,11.22,9.56,11.37,10.71,11.3,,12.15,8.47,11.98,11.47,11.57,12.07,12.05,11.3,12.53,10.17,13.02,10.39,10.98,11.52,13.71,11.01,10.71,12.78,11.25,12.15,13.5,23
1857,18226,2015-06-18 09:00:00,-0.867884769,16.46,16.01,17.03,17.23,16.2,16.92,17.51,15.37,16.89,16.32,15.84,17.92,16.53,16.46,17.32,16.8,15.56,15.77,,17.56,17.7,16.63,14.63,17.3,17.82,17.72,15.94,17.01,18.49,16.7,16.56,17.56,17.25,16.94,16.46,17.23,16.56,17.77,17.18,16.65,9
1898,18267,2015-06-20 02:00:00,3.106232917,8.49,7.57,8.0,9.02,6.1,7.65,7.72,6.86,6.33,7.72,8.02,8.32,7.59,7.14,6.43,8.27,7.47,7.9,8.59,9.31,5.39,9.21,8.25,8.42,9.06,7.92,8.3,9.34,7.02,9.61,7.57,7.47,7.87,10.05,8.37,6.97,9.95,7.24,7.54,8.94,2
1905,18274,2015-06-20 09:00:00,-3.623359914,14.77,14.24,14.67,15.15,14.36,14.6,15.2,12.41,14.65,12.87,13.11,15.08,14.43,14.22,14.41,13.69,13.02,13.93,14.36,14.72,14.6,13.74,11.95,14.41,15.34,15.51,13.45,15.49,17.08,14.79,14.7,15.94,15.65,14.46,14.6,15.63,15.15,16.32,15.77,14.94,9
1943,18312,2015-06-21 23:00:00,0.229403591,17.68,16.42,16.46,17.39,16.44,17.25,16.49,16.46,17.72,16.87,16.61,17.23,16.37,16.51,17.42,17.39,16.51,16.68,16.8,17.56,16.61,17.34,16.08,16.73,16.65,17.27,16.58,17.46,17.44,17.01,17.13,17.42,17.34,17.99,17.77,16.96,17.96,17.08,17.7,17.34,23
1946,18315,2015-06-22 02:00:00,-4.061145782,15.94,16.11,15.65,15.8,17.23,15.2,16.08,15.46,17.44,15.03,14.24,15.84,15.94,15.39,16.63,16.32,14.34,14.48,15.63,16.11,16.03,16.37,14.1,15.41,14.94,15.72,16.63,16.73,17.03,15.77,16.94,17.03,17.3,16.53,17.37,17.06,17.37,17.15,17.75,16.11,2
1966,18335,2015-06-22 22:00:00,0.496194191,14.65,13.57,15.15,15.18,13.26,14.41,14.15,15.8,13.64,13.81,15.03,14.03,14.07,13.81,12.99,14.48,13.74,14.22,14.63,15.13,12.32,14.79,14.0,13.88,14.51,14.91,14.12,15.51,13.64,15.65,14.12,14.31,15.13,17.42,14.43,14.36,15.92,14.6,15.39,16.18,22
1976,18345,2015-06-23 08:00:00,-0.921482026,14.67,14.55,14.0,14.96,14.86,14.7,14.39,13.64,14.82,14.27,14.07,14.96,14.53,13.93,14.58,14.65,14.41,14.58,14.75,14.6,14.75,14.84,14.29,14.17,14.53,14.65,14.7,14.94,15.06,14.6,15.18,14.89,14.7,14.63,15.01,14.98,15.15,14.7,15.34,14.53,8
2064,18433,2015-06-27 00:00:00,1.201738763,11.76,10.47,11.13,12.2,9.14,10.74,11.25,10.54,10.59,10.98,10.76,11.71,10.66,11.44,9.85,12.27,10.88,11.18,12.05,12.17,8.99,11.86,12.07,11.37,11.76,11.3,11.61,12.24,11.49,12.27,10.83,10.88,11.57,13.06,11.49,11.13,13.31,10.49,12.27,12.12,0
2073,18442,2015-06-27 09:00:00,-2.004504104,16.61,16.13,16.44,16.56,16.01,16.27,16.8,14.46,16.46,14.75,14.79,17.01,16.11,15.99,16.15,15.51,14.65,15.44,16.15,16.34,16.18,15.65,13.95,15.87,16.75,17.03,15.18,17.13,18.03,15.89,16.56,17.11,16.53,16.44,16.46,17.3,17.06,17.63,17.23,16.65,9
2246,26679,2016-06-04 14:00:00,1.459565378,20.27,19.77,19.34,20.37,19.98,19.87,20.79,,20.51,18.91,19.37,21.29,19.29,20.01,20.51,20.48,19.56,19.27,18.82,,19.75,20.46,18.77,18.77,,,,20.08,20.17,18.77,19.18,19.89,19.63,,21.49,19.98,21.08,20.63,20.06,,14
2249,26682,2016-06-04 17:00:00,-0.748138127,18.51,18.53,17.82,19.29,19.41,18.91,18.96,,20.17,18.08,18.87,19.79,18.15,18.91,20.01,20.87,19.08,18.63,17.03,,19.41,19.18,18.18,17.3,,,,18.68,20.13,18.13,18.87,19.44,18.27,,21.18,19.27,20.37,20.72,19.89,,17
2259,26692,2016-06-05 03:00:00,0.362622318,13.64,12.63,14.05,14.77,11.54,13.71,12.9,,13.02,13.23,13.33,13.76,13.23,13.14,11.9,13.98,13.11,13.35,14.1,,11.2,14.41,13.79,13.59,,,,14.84,12.58,14.67,12.7,12.53,13.02,,13.55,12.53,14.51,12.65,13.81,,3
2266,26699,2016-06-05 10:00:00,-3.652723815,14.6,14.51,13.55,14.07,14.96,14.43,14.36,,14.96,13.38,13.02,15.27,14.53,13.79,14.72,14.55,13.26,13.45,14.03,,14.91,14.6,13.4,13.4,,,,14.96,15.15,14.19,15.41,15.58,15.94,,15.01,15.61,15.08,15.87,15.77,,10
2299,26732,2016-06-06 19:00:00,0.83742145,16.46,17.75,16.03,15.99,16.94,16.23,16.56,,17.58,16.73,14.07,17.99,16.08,16.06,17.53,18.37,15.39,15.82,15.32,,17.37,17.25,16.46,14.86,,,,16.94,18.01,15.7,18.2,16.7,16.96,,19.32,17.13,17.77,17.37,17.87,,19
2302,26735,2016-06-06 22:00:00,-2.46437594,13.5,14.34,13.93,15.03,13.81,13.98,13.33,,15.94,14.91,13.93,15.06,13.57,13.21,14.6,14.98,13.14,13.69,13.45,,13.35,14.58,13.5,12.92,,,,15.06,15.84,14.24,16.42,14.86,15.15,,16.51,14.43,16.63,14.36,16.99,,22
2307,26740,2016-06-07 03:00:00,0.721488051,11.95,11.22,12.61,13.09,9.68,11.98,11.59,,11.2,13.76,11.37,11.95,11.83,11.73,10.32,12.78,11.61,11.76,12.61,,9.34,12.58,12.92,12.73,,,,13.02,10.98,12.99,10.88,11.01,11.3,,12.0,11.15,14.05,10.64,12.0,,3
2317,26750,2016-06-07 13:00:00,-3.563483054,19.01,18.75,18.3,17.99,19.29,18.56,18.63,,18.34,16.65,16.61,19.41,17.89,18.15,17.99,17.56,16.65,16.42,17.42,,18.18,17.61,16.73,16.44,,,,19.65,19.1,17.68,18.99,19.34,20.25,,19.08,20.08,19.87,19.46,19.77,,13
2400,26833,2016-06-11 00:00:00,0.097082601,8.05,7.54,8.3,8.62,5.92,7.72,7.59,,7.19,7.72,8.62,8.32,8.3,7.82,6.97,8.92,7.65,8.77,8.82,,5.75,9.31,8.52,8.22,,,,8.92,7.47,8.79,7.57,7.09,7.54,,7.72,7.42,8.72,7.62,7.9,,0
2410,26843,2016-06-11 10:00:00,-1.164610741,11.71,11.95,11.52,12.24,12.29,12.2,12.15,,12.78,11.54,11.37,13.09,12.44,11.86,12.44,12.53,11.39,11.54,11.9,,12.68,12.36,10.74,11.37,,,,12.05,12.1,12.34,12.34,12.53,12.78,,12.2,12.34,12.2,12.87,12.49,,10
2518,26951,2016-06-15 22:00:00,1.426271779,13.33,11.93,13.43,14.31,10.74,12.97,12.49,,12.39,12.44,14.36,12.87,12.63,12.41,11.13,13.21,11.64,13.5,13.45,14.07,10.25,13.71,13.09,12.68,,,12.85,14.31,11.86,15.25,12.58,12.2,13.11,16.03,13.16,12.82,14.51,13.02,14.0,14.65,22
2529,26962,2016-06-16 09:00:00,-1.703250722,19.91,19.96,20.17,20.39,20.17,18.96,20.08,,20.46,16.96,18.3,19.77,19.03,19.32,19.89,18.6,17.61,18.27,19.32,19.7,18.77,18.53,17.03,19.41,,20.58,16.94,20.82,22.39,19.27,19.15,20.29,21.08,19.41,19.89,20.13,21.18,20.37,19.7,19.98,9
2545,26978,2016-06-17 01:00:00,1.06370557,11.54,10.79,11.3,12.49,8.57,11.39,10.79,11.22,10.54,10.81,10.86,12.03,11.25,10.98,9.49,11.83,10.49,11.15,12.2,12.29,8.64,12.15,10.83,11.27,,12.22,12.1,12.39,10.69,12.87,10.93,11.52,11.78,13.95,11.44,11.18,13.59,11.22,13.28,13.35,1
2553,26986,2016-06-17 09:00:00,-3.155124033,18.79,18.39,19.18,18.65,18.84,17.25,18.56,16.37,18.44,15.68,15.58,17.82,17.03,17.32,17.58,17.01,15.44,16.37,17.42,17.39,16.56,16.61,14.75,16.61,,17.68,15.82,19.18,20.06,17.68,17.8,18.53,18.75,17.84,18.22,19.27,19.01,19.06,18.51,18.22,9
2567,27000,2016-06-17 23:00:00,0.155551167,14.48,12.78,13.47,15.65,10.88,13.26,12.94,13.16,11.98,13.02,13.83,14.22,12.9,11.9,11.9,12.92,12.36,13.16,13.81,14.43,10.35,14.03,12.44,14.79,,14.79,12.65,14.89,12.58,15.46,13.43,13.31,14.05,16.01,13.69,13.31,15.15,13.79,16.42,14.84,23
2577,27010,2016-06-18 09:00:00,-0.131275297,20.08,19.51,20.13,20.1,19.25,19.29,20.53,18.13,19.72,17.7,17.92,19.82,19.51,19.56,19.89,18.6,17.72,18.03,19.84,19.7,19.32,19.08,16.68,19.6,,20.58,16.92,20.15,21.94,19.27,18.46,20.13,20.25,19.01,19.01,19.84,20.27,19.56,19.37,19.34,9
2594,27027,2016-06-19 02:00:00,1.509993712,11.22,10.2,11.81,11.88,8.92,10.96,10.74,12.0,9.9,11.08,11.08,10.91,11.22,11.15,9.73,11.42,10.88,10.74,11.54,11.86,8.59,11.95,12.36,11.52,,11.2,12.41,12.68,10.15,12.39,10.54,10.59,11.27,13.09,10.93,10.79,12.41,10.81,11.76,13.21,2
2603,27036,2016-06-19 11:00:00,-0.758701572,24.99,24.2,25.04,24.7,24.63,24.39,25.23,23.33,24.73,23.52,23.76,25.55,24.32,24.2,24.22,23.98,23.18,23.09,24.39,23.74,24.24,23.83,22.27,23.62,,24.44,23.64,24.56,24.9,24.46,23.5,25.14,24.9,24.15,23.76,24.44,24.27,24.7,24.34,23.98,11
2612,27045,2016-06-19 20:00:00,0.760988127,18.82,18.6,19.87,20.29,17.44,19.2,18.65,20.65,18.89,21.06,19.27,19.37,18.46,19.2,17.56,19.58,18.37,19.06,19.79,20.67,16.8,19.98,18.68,19.15,,19.72,19.44,20.79,19.7,21.2,19.2,19.51,19.51,22.68,19.91,19.18,21.13,19.27,22.06,22.11,20
2626,27059,2016-06-20 10:00:00,-1.664689934,24.99,24.92,25.11,25.04,24.75,23.91,25.53,22.47,24.8,23.52,25.6,24.73,24.41,24.63,24.32,23.74,23.67,22.8,24.24,24.22,24.15,23.74,22.01,23.93,,24.73,22.71,25.21,25.5,24.2,23.74,25.82,25.53,24.29,24.24,25.19,24.68,24.82,24.44,24.29,10
2635,27068,2016-06-20 19:00:00,0.178659957,21.08,23.11,21.32,21.29,20.6,21.08,21.89,21.89,22.32,21.75,19.84,23.09,22.23,21.65,21.89,23.26,19.98,19.94,22.37,22.08,22.49,22.9,20.75,21.6,,21.06,21.18,22.2,22.63,22.9,23.04,20.98,22.08,23.33,22.73,21.7,22.94,22.66,23.45,22.68,19
2641,27074,2016-06-21 01:00:00,-0.582265804,17.49,18.11,17.65,17.94,17.8,17.89,17.65,17.94,18.46,18.32,17.32,19.01,18.3,17.58,18.2,19.2,17.23,17.44,18.2,19.18,18.51,18.41,17.06,17.68,,18.11,18.13,18.25,18.15,17.8,18.65,18.6,18.89,18.77,18.2,18.27,18.22,18.63,18.75,18.6,1
2664,27097,2016-06-22 00:00:00,0.635410485,12.29,11.27,11.88,13.33,9.58,11.88,11.69,11.76,10.66,12.44,12.39,12.12,12.05,10.98,9.95,12.63,10.93,11.81,12.34,12.73,8.92,12.87,11.61,11.18,,12.51,11.66,14.27,11.18,13.91,11.59,11.22,12.17,13.38,12.75,11.39,13.16,12.07,13.11,13.14,0
2673,27106,2016-06-22 09:00:00,-1.661993594,13.4,12.8,11.61,14.0,13.67,13.11,12.2,11.32,14.19,12.97,12.36,13.95,12.49,11.95,13.43,13.59,12.32,12.78,13.35,13.67,13.21,11.76,10.37,12.8,,12.15,12.24,13.02,14.15,11.64,13.71,12.92,13.69,13.71,13.91,13.35,13.69,14.03,13.45,12.2,9
2687,27120,2016-06-22 23:00:00,0.207089168,10.54,10.47,10.12,11.61,9.68,10.08,10.3,10.0,11.03,10.66,10.39,10.59,10.52,9.46,10.25,11.42,10.42,10.49,10.49,10.66,8.32,11.05,9.68,9.21,,10.44,10.2,11.86,10.83,11.66,10.47,10.12,10.71,11.71,10.39,10.15,10.83,10.39,11.39,10.76,23
2697,27130,2016-06-23 09:00:00,-2.036240448,16.58,15.82,15.8,16.49,16.65,15.44,16.32,13.52,16.18,14.07,13.95,15.8,15.41,14.82,16.06,14.94,14.12,14.48,15.56,15.58,15.53,15.34,13.33,15.08,,16.2,13.83,16.63,17.72,15.08,15.82,16.65,16.92,14.98,16.46,16.27,17.27,16.25,15.96,16.11,9
2711,27144,2016-06-23 23:00:00,0.773539188,13.57,12.49,11.78,13.62,10.1,12.32,12.03,11.2,11.49,11.57,12.58,13.55,12.53,11.9,12.68,13.16,10.93,11.83,12.32,13.04,9.66,13.52,12.9,12.49,,13.09,12.53,13.06,13.23,13.06,12.49,11.95,13.23,14.12,12.8,12.24,13.74,12.24,14.53,13.04,23
2721,27154,2016-06-24 09:00:00,-4.960614913,17.18,16.82,17.15,17.11,17.32,16.27,17.39,14.41,17.03,14.53,15.1,17.08,16.7,16.08,17.03,15.82,15.1,15.49,16.65,16.63,16.61,16.77,14.75,16.25,,17.37,15.13,17.82,19.25,16.51,17.13,18.44,19.06,16.23,16.99,17.61,18.22,18.39,17.84,16.96,9
2734,27167,2016-06-24 22:00:00,2.883863139,14.1,13.43,14.89,15.25,10.96,14.0,13.52,15.51,12.75,13.55,15.63,13.74,13.71,13.57,11.78,13.98,13.35,14.36,13.67,15.18,10.25,14.7,14.03,13.69,,14.63,13.83,15.44,12.53,16.18,13.23,12.87,13.59,16.61,13.76,13.31,15.41,13.74,15.03,16.46,22
2746,27179,2016-06-25 10:00:00,-3.329722044,21.92,21.6,22.35,21.87,20.25,20.87,20.56,19.79,20.94,19.79,22.13,21.06,20.84,21.58,20.91,20.65,20.08,20.29,21.32,20.37,20.79,21.06,19.2,19.7,,21.8,20.01,22.47,23.26,21.77,21.1,22.94,22.73,21.51,21.13,22.06,22.2,22.13,21.82,21.18,10
2761,27194,2016-06-26 01:00:00,0.117101956,13.4,12.73,13.95,14.41,11.54,13.09,12.78,13.93,12.24,13.31,13.91,13.52,13.4,12.99,12.05,13.19,12.87,13.21,13.4,14.07,11.05,14.22,14.27,13.83,,13.98,14.15,15.2,13.38,14.75,13.31,13.35,13.98,15.15,13.69,13.47,14.65,13.55,14.65,15.41,1
2770,27203,2016-06-26 10:00:00,-4.234063767,22.71,23.91,24.05,21.32,20.75,22.37,24.29,21.72,22.13,21.75,24.46,22.85,23.09,23.64,22.9,22.8,22.23,22.37,23.16,21.8,22.47,22.94,21.25,22.61,,23.86,22.13,24.05,25.02,23.64,23.18,24.97,24.94,23.62,22.25,24.07,23.71,24.32,24.0,23.52,10
2785,27218,2016-06-27 01:00:00,2.587619921,16.56,16.7,17.13,17.56,14.36,16.8,16.25,17.49,15.84,18.7,16.27,16.65,16.42,17.01,15.8,17.89,16.84,17.18,18.03,18.08,14.6,17.56,17.8,17.27,,18.22,17.7,17.96,16.2,17.94,16.18,16.23,16.77,18.58,16.96,16.37,18.6,16.37,17.82,18.53,1
2792,27225,2016-06-27 08:00:00,-1.488115158,20.27,19.58,19.91,20.7,19.87,19.82,20.63,18.89,20.58,19.46,18.68,20.03,20.41,20.13,20.29,19.46,18.41,19.08,20.34,20.84,20.34,20.56,18.84,20.53,,21.89,19.32,20.51,21.41,19.75,19.29,20.96,20.96,19.63,19.46,20.7,20.72,20.91,20.27,19.46,8
2883,35356,2017-06-01 03:00:00,0.316488346,8.47,8.25,8.87,9.11,6.84,8.32,8.2,9.95,8.02,9.02,,8.42,8.72,8.64,7.77,9.26,8.52,,9.31,9.06,6.51,9.41,8.57,,8.79,,8.97,9.06,8.12,9.31,8.0,8.89,9.06,9.31,8.12,7.54,8.42,8.44,9.02,9.66,3
2890,35363,2017-06-01 10:00:00,-0.0723388,15.39,15.96,15.72,16.15,16.08,15.7,16.08,14.34,15.94,13.43,,16.23,15.22,14.65,15.06,15.1,14.72,,15.46,15.08,15.53,14.91,12.99,,14.34,,13.93,16.37,15.89,14.29,15.03,15.13,15.84,15.63,16.06,16.08,15.99,15.7,16.25,16.3,10
3045,35518,2017-06-07 21:00:00,0.348916923,13.11,12.05,13.21,13.76,11.32,12.53,12.15,13.33,11.61,11.98,,13.33,11.78,11.81,11.81,13.23,12.0,,13.23,13.93,10.52,13.28,12.56,,11.69,,12.1,14.41,12.24,15.08,12.8,13.11,13.11,15.75,13.04,12.73,15.37,12.29,15.65,13.83,21
3058,35531,2017-06-08 10:00:00,-2.091484882,21.75,22.25,22.63,22.37,21.03,21.34,22.75,21.32,21.7,19.13,,21.03,20.63,22.03,19.08,17.56,20.41,,20.01,20.41,19.51,20.84,19.48,,19.91,,20.7,22.85,23.79,21.72,20.22,22.18,22.18,22.82,21.82,22.66,22.75,22.18,22.13,22.66,10
3075,35548,2017-06-09 03:00:00,0.732456176,11.76,11.52,11.95,12.61,10.08,11.37,11.03,12.36,10.69,11.08,,11.35,11.27,11.35,10.32,11.39,10.86,,12.15,12.05,9.21,11.88,11.47,,11.69,,10.93,13.04,11.95,13.93,11.59,11.61,11.95,14.41,11.95,11.57,12.46,11.49,12.53,12.87,3
3081,35554,2017-06-09 09:00:00,-1.756444575,13.45,13.55,12.97,13.69,13.88,12.97,13.11,12.7,13.93,12.36,,13.33,12.78,13.16,13.88,13.59,12.24,,12.9,13.16,13.31,13.43,11.95,,13.11,,13.06,13.95,14.39,13.26,14.41,13.76,13.93,13.88,14.29,13.76,14.48,13.98,13.79,12.97,9
3099,35572,2017-06-10 03:00:00,0.310996469,11.71,11.93,11.42,12.07,10.0,11.01,11.1,11.32,11.88,11.18,,11.08,10.59,10.71,10.3,11.83,10.49,,10.93,11.59,8.84,11.37,10.49,,10.71,,10.3,13.09,12.0,12.44,12.1,11.08,11.44,12.39,11.13,11.57,12.46,10.25,13.33,12.05,3
3105,35578,2017-06-10 09:00:00,-1.823733188,18.03,18.41,17.37,18.32,17.18,17.42,17.89,16.42,18.41,16.11,,17.39,17.49,17.34,17.13,17.18,16.03,,17.49,17.68,17.34,16.92,15.51,,18.22,,16.18,18.51,19.51,17.15,16.56,18.03,19.01,17.25,18.2,18.82,18.87,18.56,17.99,18.84,9
3110,35583,2017-06-10 14:00:00,1.528138043,21.68,23.02,22.61,20.37,20.84,22.35,22.94,21.82,21.89,20.37,,23.95,21.56,21.53,22.03,21.51,20.13,,21.87,21.37,22.25,22.03,20.08,,20.32,,21.22,22.56,22.32,22.42,21.89,21.75,21.63,22.42,23.09,22.18,21.92,22.32,22.78,22.85,14
3113,35586,2017-06-10 17:00:00,-2.031856691,19.79,20.89,20.03,19.48,20.32,19.79,19.98,20.08,20.82,19.96,,20.75,18.91,19.63,20.98,21.03,18.87,,19.75,20.03,20.25,20.48,18.79,,18.13,,19.65,21.2,22.08,21.58,21.13,21.15,20.13,22.06,21.32,21.22,22.01,22.13,21.84,20.7,17
3117,35590,2017-06-10 21:00:00,1.454502743,16.06,17.06,17.32,17.11,14.89,16.63,16.37,17.8,16.39,18.2,,18.27,16.13,16.49,16.68,18.18,15.61,,17.7,17.84,14.75,18.13,16.7,,16.32,,16.56,18.3,17.58,18.58,16.77,17.27,17.03,19.87,17.94,16.75,19.15,16.84,19.6,19.1,21
3129,35602,2017-06-11 09:00:00,-0.240437771,20.48,21.53,19.15,21.01,20.46,20.1,20.6,19.29,20.94,19.53,,20.25,20.89,19.75,20.15,20.72,19.37,,20.2,20.37,20.84,20.37,19.32,,20.6,,19.98,21.49,21.22,19.94,20.08,21.22,20.82,21.32,21.99,21.49,21.94,21.08,20.77,21.56,9
3138,35611,2017-06-11 18:00:00,2.163246211,24.39,25.62,23.62,24.92,23.76,23.69,23.81,23.86,25.19,24.68,,24.61,23.28,22.87,25.04,25.23,23.09,,23.14,24.73,24.0,25.02,23.86,,22.03,,24.73,24.12,25.74,25.11,25.11,24.63,23.04,26.11,26.62,24.34,25.65,24.15,25.94,24.51,18
3152,35625,2017-06-12 08:00:00,-0.5904123,23.14,23.11,22.63,23.59,22.08,21.46,21.92,22.08,22.94,20.65,,21.6,21.77,21.99,21.51,21.58,20.96,,23.16,22.03,21.6,21.01,20.27,,23.04,,20.72,23.67,24.63,22.39,21.58,22.25,22.82,22.71,23.88,23.42,24.1,23.11,22.8,24.05,8
3162,35635,2017-06-12 18:00:00,0.015643897,24.82,25.79,24.2,25.07,24.39,23.86,24.2,24.27,25.33,25.02,,24.53,23.55,23.52,25.53,25.84,24.27,,23.86,25.31,24.61,25.11,23.93,,23.11,,25.07,24.44,26.52,25.4,25.79,25.4,24.15,26.52,26.97,25.36,26.13,25.28,26.52,24.92,18
3174,35647,2017-06-13 06:00:00,-0.100325838,20.6,21.15,19.51,21.15,20.13,19.58,19.58,19.53,20.87,19.89,,19.22,19.06,19.91,20.17,21.49,19.91,,20.51,20.46,19.39,19.27,18.53,,19.37,,18.63,21.37,21.72,20.98,21.49,20.65,19.94,20.51,21.41,21.94,21.87,19.37,20.79,20.84,6
3217,35690,2017-06-15 01:00:00,1.127257455,8.82,7.85,9.14,9.9,6.33,8.67,8.37,9.66,7.7,8.37,,8.64,8.69,8.02,7.12,8.69,7.52,,8.59,9.46,5.95,9.61,9.11,,9.51,,8.49,10.49,7.82,10.15,8.67,8.54,9.06,10.61,8.62,8.22,9.73,8.54,9.16,10.88,1
3224,35697,2017-06-15 08:00:00,-1.592597903,14.79,14.19,13.57,14.48,13.93,14.1,14.19,12.82,14.63,12.03,,13.86,14.89,13.74,13.74,13.11,12.22,,14.36,14.36,14.36,14.03,12.24,,16.08,,12.73,14.67,15.77,12.97,12.99,13.57,15.27,13.86,14.51,15.25,15.08,15.29,14.12,14.53,8
3356,35829,2017-06-20 20:00:00,1.059313229,15.27,16.34,14.79,15.08,16.39,15.46,15.27,15.01,16.32,15.22,,16.23,15.56,14.79,16.37,16.25,14.43,,15.13,16.18,16.18,16.11,14.79,13.91,14.27,,16.42,15.96,16.27,15.84,16.82,15.34,15.99,17.13,17.06,15.44,17.08,15.37,16.87,15.75,20
3361,35834,2017-06-21 01:00:00,-0.542846516,13.64,14.12,13.47,14.39,13.59,13.91,13.62,13.57,14.7,14.29,,14.43,13.83,12.8,14.91,15.08,13.11,,13.79,14.55,13.83,14.39,12.99,12.65,13.26,,13.81,14.77,14.82,14.48,14.94,14.39,14.7,15.65,15.08,14.17,16.06,14.15,16.18,14.77,1
3365,35838,2017-06-21 05:00:00,0.466117019,12.92,13.06,12.85,13.98,11.78,13.04,12.85,12.85,12.78,13.45,,13.33,13.28,12.24,12.39,13.86,12.51,,13.26,13.93,12.12,14.05,12.53,12.49,13.02,,13.76,14.17,13.28,13.88,12.78,13.16,13.5,14.75,13.76,13.21,14.79,13.16,14.29,14.17,5
3369,35842,2017-06-21 09:00:00,-2.988425817,17.63,17.77,16.27,17.75,18.56,16.99,17.18,15.53,18.15,15.58,,17.56,17.42,16.75,17.23,16.99,15.7,,17.32,17.23,17.42,16.63,14.86,16.15,16.51,,15.89,18.46,19.15,16.27,17.63,17.61,18.6,17.27,18.41,18.91,18.75,18.46,18.39,17.89,9
3408,35881,2017-06-23 00:00:00,0.72774834,15.18,15.15,15.22,15.65,13.91,15.03,14.75,16.11,14.89,15.1,,15.08,14.94,14.77,14.65,15.56,14.77,,16.08,15.84,13.93,15.77,14.7,14.82,14.63,,15.06,16.2,15.01,16.23,14.94,15.32,15.39,16.49,15.65,15.29,16.77,15.18,15.7,16.42,0
3412,35885,2017-06-23 04:00:00,-0.779407096,14.48,14.7,14.41,15.44,14.6,14.51,14.48,14.72,15.22,15.27,,15.1,14.65,14.55,15.13,15.25,14.19,,15.37,15.46,14.46,15.44,14.91,14.98,14.36,,14.96,15.84,15.49,15.18,15.65,14.96,15.46,15.89,15.18,15.32,15.84,15.2,15.32,14.94,4
3428,35901,2017-06-23 20:00:00,0.181190946,19.27,20.75,19.41,18.99,19.65,19.27,19.79,19.58,20.27,19.01,,20.84,19.46,19.51,20.22,19.7,18.41,,19.91,20.27,20.53,20.58,19.01,18.82,17.87,,19.48,20.65,20.13,20.46,20.41,20.34,20.13,20.01,19.94,20.22,20.03,20.32,20.51,20.67,20
3434,35907,2017-06-24 02:00:00,-0.817100595,18.89,19.44,18.56,18.56,19.37,18.99,18.94,18.51,19.34,18.53,,19.46,18.96,18.6,19.29,19.13,18.13,,18.84,19.22,19.56,19.56,18.41,18.6,17.89,,18.94,19.46,19.27,19.32,19.56,19.89,19.51,19.32,19.63,19.51,19.6,19.18,19.75,19.18,2
3451,35924,2017-06-24 19:00:00,0.277783536,17.61,18.99,16.8,18.3,19.79,17.8,17.63,17.25,19.1,18.01,,17.82,18.08,16.27,19.06,19.29,17.03,,16.46,17.8,17.46,18.32,16.94,15.51,15.29,,17.7,17.89,18.46,18.27,19.27,17.92,18.11,19.51,20.22,18.08,19.41,17.7,19.56,18.58,19
3455,35928,2017-06-24 23:00:00,-0.529610482,14.98,16.27,14.46,15.25,14.53,14.65,15.61,14.34,15.34,15.27,,13.98,14.27,14.19,15.84,16.53,14.55,,14.36,15.41,14.6,15.08,14.1,12.94,13.38,,14.82,15.92,16.27,16.23,16.73,15.13,15.34,15.37,15.53,15.41,16.61,14.05,16.61,14.7,23
3553,36026,2017-06-29 01:00:00,1.937768259,10.79,10.47,11.78,11.66,9.21,11.01,10.98,12.05,10.32,12.58,,10.81,10.98,10.76,9.9,11.52,10.61,,11.27,12.17,8.94,11.9,10.79,10.44,11.2,,11.08,11.66,10.2,12.15,10.42,10.59,10.81,12.07,10.54,10.37,11.37,10.59,11.52,12.94,1
3562,36035,2017-06-29 10:00:00,-0.153308372,16.42,16.27,15.72,16.63,16.27,16.25,16.58,15.29,16.56,15.7,,16.73,15.96,16.03,16.42,16.46,15.29,,15.84,16.61,16.18,15.94,15.01,15.29,15.49,,15.61,16.27,16.34,16.11,15.89,16.25,16.46,16.27,17.18,16.49,16.89,16.77,16.3,16.23,10
3579,36052,2017-06-30 03:00:00,2.618989453,13.79,14.46,14.75,15.32,13.45,14.86,14.89,15.27,13.62,15.58,,14.48,14.96,15.03,13.45,15.89,15.32,,15.32,15.46,14.55,15.75,15.1,14.05,14.7,,15.46,14.05,13.64,14.22,13.74,13.64,14.05,15.13,13.74,13.83,14.17,14.0,13.83,15.08,3
3587,36060,2017-06-30 11:00:00,-1.155505147,18.58,18.3,18.46,18.84,18.79,18.72,18.77,18.22,18.96,17.96,,19.27,18.41,18.56,18.84,19.1,17.82,,18.87,19.22,19.32,18.89,18.01,18.51,18.49,,18.08,18.6,18.75,18.41,18.32,18.94,18.84,18.91,19.13,19.13,19.46,19.75,19.22,18.46,11
4078,44591,2018-06-20 22:00:00,1.88202969,,,15.06,,13.4,15.44,14.7,14.84,15.84,,,15.46,14.79,14.51,14.46,16.77,15.1,,,15.41,13.79,15.7,14.03,,14.6,,14.65,,15.22,,14.7,14.67,14.63,,15.8,14.89,,14.15,17.53,17.01,22
4085,44598,2018-06-21 05:00:00,-0.66649013,,,12.94,,11.73,12.85,12.78,12.1,13.26,,,13.47,13.16,12.12,14.05,14.05,12.7,,,14.12,11.61,13.62,12.41,,13.55,,12.56,,14.65,,15.37,15.61,13.76,,14.29,14.46,,12.65,15.15,15.46,5
4106,44619,2018-06-22 02:00:00,2.324668869,,9.02,8.57,,6.08,8.72,8.52,8.69,7.54,8.1,,8.99,8.84,8.1,6.81,8.77,8.07,,,9.73,6.03,10.3,8.87,,9.56,,9.49,,8.07,10.52,8.89,8.92,8.42,,8.92,8.1,,7.8,8.92,11.59,2
4113,44626,2018-06-22 09:00:00,-4.2380207,,15.56,16.23,,16.3,15.84,15.99,14.29,16.44,13.98,,16.49,16.25,15.65,16.39,14.67,13.64,,,15.94,15.99,15.1,13.31,,15.84,,14.75,,18.46,14.94,15.41,17.23,17.82,,15.65,17.56,,18.27,16.8,17.42,9
4156,44669,2018-06-24 04:00:00,0.622102087,,10.59,11.61,,10.93,11.61,11.61,11.88,11.95,11.22,11.71,11.71,11.88,12.03,12.05,12.0,12.0,11.78,,11.81,11.81,11.59,11.54,11.08,11.76,,11.32,,11.03,11.57,11.27,11.44,12.0,,11.03,11.57,10.93,12.07,11.47,13.62,4
4162,44675,2018-06-24 10:00:00,-1.837080746,,14.6,14.58,,15.65,14.84,14.7,14.0,15.68,14.12,13.98,15.44,14.63,14.46,15.46,15.03,14.51,14.65,,15.06,15.32,14.46,13.45,14.41,14.79,,13.98,,15.8,14.75,14.91,15.7,16.3,,15.44,15.94,15.18,16.56,15.18,16.7,10
4198,44711,2018-06-25 22:00:00,2.648621489,,10.39,9.46,,7.65,10.08,9.51,8.92,11.71,8.92,10.0,11.73,10.81,9.88,10.2,10.54,8.87,10.05,,11.86,8.92,10.61,10.64,10.2,11.18,,9.49,,11.05,10.81,12.7,9.9,10.2,,10.88,10.1,12.03,9.11,11.86,11.47,22
4209,44722,2018-06-26 09:00:00,-1.504084313,,15.77,16.23,,16.61,15.25,15.56,14.17,16.39,13.23,13.45,16.18,15.94,15.7,16.3,14.89,13.55,14.31,,15.84,15.44,14.24,12.9,15.65,16.34,,13.19,,18.51,15.1,15.1,16.18,16.87,,15.94,16.99,16.84,17.46,16.13,17.7,9
4222,44735,2018-06-26 22:00:00,0.176962938,,12.7,13.14,,10.81,12.87,12.32,13.74,12.46,12.49,14.39,12.87,12.61,13.43,11.9,14.12,13.5,14.1,,13.69,10.74,14.15,14.36,13.43,13.19,,13.26,,13.28,15.53,13.45,13.21,13.45,,13.88,13.09,15.41,12.46,14.67,16.27,22
4234,44747,2018-06-27 10:00:00,-0.758288921,,19.06,18.79,,18.65,19.1,19.03,17.51,19.7,17.44,17.84,19.39,19.06,18.75,19.56,18.84,17.82,17.94,,18.51,18.87,18.01,16.75,17.8,18.7,,17.53,,19.44,18.37,18.25,19.46,19.94,19.27,18.75,19.37,18.94,20.25,19.13,20.82,10
4295,44808,2018-06-29 23:00:00,0.052145632,18.01,17.2,16.84,,15.53,17.37,16.61,16.92,16.42,15.58,18.68,17.18,16.3,15.99,15.84,17.37,16.27,17.56,,17.82,14.91,17.75,17.01,16.53,17.15,,15.96,,17.44,19.41,18.51,18.03,17.96,19.06,17.72,17.03,18.82,16.89,18.82,19.65,23
4332,52885,2019-06-01 12:00:00,-1.597974176,,17.99,18.2,17.18,17.94,17.27,17.37,16.15,17.06,14.84,15.39,19.03,,16.23,16.94,17.3,15.61,16.84,,16.37,17.96,17.11,15.13,16.84,17.37,16.58,16.7,17.92,17.56,18.15,17.99,17.8,17.87,18.15,18.15,,17.99,,,17.03,12
4371,52924,2019-06-03 03:00:00,0.176322347,,7.32,5.31,6.59,6.41,5.41,5.57,4.82,5.9,5.87,5.26,5.69,4.97,4.14,5.08,7.27,5.57,5.15,,5.18,5.28,5.39,3.51,3.43,3.85,5.0,4.45,6.71,6.56,7.34,7.57,5.75,6.2,7.02,7.32,,6.0,,,8.89,3
4377,52930,2019-06-03 09:00:00,-2.858387993,,12.82,13.62,12.78,12.63,11.98,12.46,10.91,12.44,9.85,9.16,11.81,11.76,12.32,12.07,11.08,10.2,10.44,,11.73,11.95,11.44,9.34,12.32,12.87,12.78,10.64,13.04,15.03,11.61,12.8,12.94,12.97,11.61,12.49,,13.31,,,13.57,9
4423,52976,2019-06-05 07:00:00,1.794453067,,9.46,9.68,9.83,9.66,9.41,9.02,8.79,10.05,8.89,8.42,9.21,8.82,8.2,9.85,9.61,8.84,8.22,,9.29,9.16,8.74,7.52,7.7,8.2,8.77,8.22,8.54,8.62,8.72,9.06,8.97,9.51,9.53,9.31,,8.79,,,11.37,7
4431,52984,2019-06-05 15:00:00,-0.165497783,,15.99,16.08,15.89,16.37,15.94,15.72,15.49,16.06,13.95,14.05,16.49,15.63,14.67,16.06,16.37,14.94,15.49,,15.58,15.89,15.37,13.45,14.34,14.36,14.89,14.27,15.53,15.51,15.1,15.32,15.37,15.27,15.56,15.99,,15.82,,,13.86,15
4464,53017,2019-06-07 00:00:00,3.199835842,,9.61,10.25,11.66,8.49,10.0,9.61,9.58,9.11,9.63,10.91,10.71,9.71,8.42,8.17,10.2,10.03,9.24,,11.05,7.62,11.03,10.0,9.98,10.59,11.13,9.56,11.86,9.06,12.51,9.95,9.78,10.27,12.87,10.91,,11.95,,,11.42,0
4475,53028,2019-06-07 11:00:00,-3.237543752,,20.67,22.25,20.13,20.91,20.84,21.06,20.56,20.48,18.11,17.32,21.08,19.89,20.34,20.1,19.75,19.27,19.13,,19.32,21.03,20.56,19.01,19.87,20.22,20.25,19.84,21.32,21.51,21.6,20.63,21.22,21.44,20.08,20.37,,21.32,,,20.98,11
4492,53045,2019-06-08 04:00:00,6.409589273,,10.96,9.41,11.49,7.34,11.01,10.05,8.39,12.12,8.84,9.31,10.03,9.98,9.56,9.26,8.84,8.12,8.42,,11.88,8.32,10.88,8.22,10.1,10.81,12.12,9.56,10.54,11.1,10.98,11.35,9.46,9.95,11.44,10.81,,12.17,,,14.96,4
4496,53049,2019-06-08 08:00:00,-0.26449403,,15.46,15.63,15.58,15.51,14.79,15.08,14.07,15.89,12.07,12.78,14.79,15.03,14.65,15.51,14.6,13.21,14.72,,15.75,15.22,14.65,12.51,16.23,16.65,16.7,14.05,16.23,17.37,15.03,15.34,16.61,16.49,14.79,15.58,,16.49,,,19.94,8
4511,53064,2019-06-08 23:00:00,2.964940116,,11.73,11.47,12.15,8.59,11.22,11.13,10.86,9.06,10.54,12.44,10.96,10.98,10.12,9.53,10.88,10.61,11.22,,11.59,7.72,11.61,10.74,10.93,11.42,11.61,10.57,12.36,9.61,13.21,10.59,10.88,11.35,13.45,11.13,,13.21,,,12.44,23
4523,53076,2019-06-09 11:00:00,-1.756825582,,21.96,22.78,21.18,21.92,22.01,22.66,21.15,22.06,20.63,19.84,22.08,21.8,21.89,22.01,21.6,20.58,20.79,,21.08,22.56,22.03,20.63,21.34,22.49,21.99,21.53,22.73,22.75,22.37,21.72,22.49,22.85,21.6,21.44,,22.13,,,22.97,11
4532,53085,2019-06-09 20:00:00,0.067374803,,16.01,17.44,16.68,15.41,16.34,15.32,17.46,15.72,17.82,15.03,16.18,15.51,15.89,15.68,16.34,15.22,15.22,,17.06,14.24,17.25,16.56,15.96,15.34,16.65,15.99,18.03,16.34,19.13,16.49,16.63,16.99,19.18,16.84,,19.18,,,17.15,20
4546,53099,2019-06-10 10:00:00,-2.095734214,,22.61,22.71,22.85,22.51,22.51,22.2,21.37,22.61,22.18,23.5,23.02,22.63,23.18,22.56,22.73,21.77,22.44,,22.13,23.23,22.59,21.37,22.23,23.28,22.94,22.54,23.23,24.03,22.37,22.35,24.24,23.71,23.64,22.56,23.64,23.21,22.85,,22.25,10
4611,53164,2019-06-13 03:00:00,0.634442798,10.64,10.71,10.47,11.3,8.87,10.52,10.32,10.08,10.17,10.27,9.11,10.86,10.86,10.08,10.05,10.57,9.06,9.46,,11.15,8.74,11.54,10.27,10.32,10.42,11.1,10.98,12.05,10.98,11.54,11.3,10.64,10.66,11.35,11.18,10.74,11.98,10.17,,10.69,3
4614,53167,2019-06-13 06:00:00,-0.820929607,10.81,11.01,9.73,10.49,10.52,10.71,10.44,9.21,11.18,9.49,8.89,11.05,10.83,9.71,10.79,10.59,9.34,9.46,,10.88,10.54,11.18,9.46,9.46,10.35,10.74,10.57,11.69,11.76,10.66,12.32,11.57,11.1,10.93,11.32,11.61,11.66,10.57,,11.78,6
4660,53213,2019-06-15 04:00:00,1.075924637,9.29,9.98,8.92,9.11,8.82,9.02,9.02,8.37,9.66,8.0,8.39,8.97,8.92,8.17,8.82,9.26,8.37,8.22,,8.84,8.22,9.31,7.97,7.95,8.05,8.82,8.72,10.37,9.04,10.35,10.27,8.89,9.44,9.29,10.37,9.44,9.41,8.84,,12.15,4
4667,53220,2019-06-15 11:00:00,-1.264604422,18.11,18.37,17.89,17.58,18.56,17.2,17.65,16.49,17.75,15.72,14.53,18.13,17.46,17.37,17.15,16.99,15.34,15.87,,16.23,17.27,16.87,15.46,15.22,16.23,16.65,15.94,18.58,19.01,17.53,18.56,19.15,18.39,17.84,18.77,18.91,18.87,17.58,,21.56,11
4709,53262,2019-06-17 05:00:00,0.59378712,11.05,10.93,9.81,12.05,9.46,10.35,10.44,9.02,10.39,9.31,9.83,9.95,10.2,9.53,9.93,10.42,8.92,9.21,,11.03,8.42,10.39,9.36,10.69,10.52,10.05,9.21,11.61,10.64,10.86,11.88,11.49,10.83,11.3,10.96,11.08,12.0,10.59,,15.1,5
4712,53265,2019-06-17 08:00:00,-0.728318948,14.7,14.7,14.1,15.01,14.34,14.24,14.41,12.58,15.51,11.76,12.65,14.27,13.98,13.64,14.77,14.07,12.22,12.58,,14.15,12.56,13.09,12.22,14.31,14.55,15.37,12.34,15.56,16.58,14.19,15.22,15.99,15.27,14.31,15.18,15.68,16.01,14.96,,19.46,8
4726,53279,2019-06-17 22:00:00,1.201381429,13.98,13.47,12.87,13.88,11.13,12.63,12.92,12.29,11.1,12.05,12.82,12.92,12.78,11.83,11.08,13.35,12.2,12.73,,13.16,10.12,13.55,12.68,12.15,12.8,13.02,12.49,14.55,12.24,14.7,12.46,12.9,13.43,14.96,12.87,12.34,14.6,13.16,,13.98,22
4737,53290,2019-06-18 09:00:00,-0.787877322,16.82,16.8,16.27,16.13,16.23,16.15,16.44,15.18,16.77,15.32,15.22,16.53,16.03,16.11,16.84,16.27,15.39,15.61,,16.42,16.23,16.3,14.63,15.25,15.65,16.96,15.94,17.34,17.56,16.46,17.01,17.15,17.2,16.39,16.77,17.15,17.23,16.61,,17.53,9
4752,53305,2019-06-19 00:00:00,1.116998053,12.53,11.9,13.16,13.47,11.01,12.41,12.05,13.33,11.81,12.58,13.04,12.44,12.39,11.95,11.32,12.68,12.27,12.63,,13.04,10.71,13.28,12.97,13.02,13.14,12.85,12.85,13.83,11.81,14.05,12.36,12.2,12.9,14.03,12.56,12.41,13.71,12.39,,14.03,0
4762,53315,2019-06-19 10:00:00,-1.819391723,19.67,19.46,18.91,19.46,19.7,19.13,19.72,,20.2,18.51,18.34,19.77,18.96,19.32,19.6,19.29,18.22,18.3,,19.51,19.7,19.37,17.84,18.75,19.84,20.17,18.91,19.84,20.37,19.82,19.22,20.22,20.32,19.44,19.53,20.58,20.32,20.58,,20.53,10
4827,53380,2019-06-22 03:00:00,0.516183252,11.66,10.71,10.15,12.22,10.57,10.79,9.88,9.9,11.64,10.79,11.37,11.44,10.1,9.51,11.57,12.0,10.69,11.59,,11.71,10.93,11.54,9.61,11.18,12.03,11.71,11.1,11.13,12.0,11.95,12.58,11.54,11.35,12.65,11.93,11.52,13.04,11.35,,12.39,3
4832,53385,2019-06-22 08:00:00,-4.17451287,15.41,15.22,14.82,15.15,15.22,13.91,14.53,12.39,15.56,12.65,12.99,14.0,14.51,14.19,14.98,13.95,12.53,13.06,,14.65,14.12,14.05,12.58,14.12,14.17,15.56,12.8,15.72,17.13,14.51,15.39,15.41,16.01,14.46,15.53,15.99,16.23,16.63,,15.22,8
4848,53401,2019-06-23 00:00:00,0.85484662,15.27,15.61,13.04,15.89,14.03,14.63,13.16,12.34,15.27,13.33,13.98,13.79,13.45,13.57,14.17,14.89,13.09,13.95,,14.94,11.83,13.67,14.17,13.74,13.74,13.69,13.35,14.29,15.63,14.1,14.89,14.39,13.98,16.03,15.87,15.41,16.61,12.63,,12.34,0
4856,53409,2019-06-23 08:00:00,-0.928808239,16.46,16.3,15.72,16.84,17.03,15.34,15.56,14.39,16.99,14.39,14.31,15.2,15.68,14.96,16.49,15.56,14.27,14.7,,16.11,15.61,15.03,13.47,15.89,15.8,16.65,14.39,17.25,18.18,16.63,16.96,17.3,17.18,16.2,17.13,17.42,17.3,16.75,,21.27,8
4875,53428,2019-06-24 03:00:00,1.983673766,14.31,13.93,12.85,14.6,11.03,13.16,12.7,12.53,12.61,13.23,13.52,14.27,13.62,12.78,13.35,14.1,12.49,13.47,,13.88,11.32,14.15,12.99,13.26,13.33,14.36,13.02,14.89,14.58,14.1,14.27,13.38,13.76,14.19,14.43,13.83,15.06,12.73,,14.58,3
4881,53434,2019-06-24 09:00:00,-3.91837972,19.08,18.89,18.51,19.08,18.77,18.13,18.39,16.08,19.56,17.03,16.61,18.39,18.53,18.37,19.08,17.99,16.56,17.01,,18.49,18.32,17.89,16.39,17.94,18.58,19.32,17.23,19.79,20.94,18.32,19.15,19.89,20.72,18.27,18.91,19.89,19.94,20.82,,21.99,9
4894,53447,2019-06-24 22:00:00,3.374978302,15.22,13.98,16.08,16.42,12.34,15.01,14.24,16.53,13.45,14.6,16.18,14.82,14.34,14.31,12.61,14.67,14.55,15.32,,15.84,11.42,15.61,14.96,15.06,15.56,15.37,14.7,16.06,13.59,17.15,14.12,14.22,14.6,18.18,14.55,13.74,16.13,14.34,,15.56,22
4905,53458,2019-06-25 09:00:00,-0.034289702,15.77,15.8,14.63,15.75,15.8,15.56,15.32,14.0,16.23,15.2,14.94,15.89,15.53,14.94,16.03,16.03,15.08,15.32,,16.01,15.89,15.89,14.48,15.08,15.29,16.18,15.63,16.34,16.34,15.72,16.3,15.29,15.51,15.65,16.13,15.84,16.27,15.63,,14.27,9
4925,53478,2019-06-26 05:00:00,2.620195578,15.06,14.96,14.41,15.44,13.95,14.39,14.6,13.81,15.13,14.27,14.07,14.55,14.0,14.19,14.55,14.7,13.79,14.17,,15.27,13.64,14.31,14.15,15.32,14.65,14.79,14.1,15.41,15.08,15.08,15.46,14.86,14.75,15.15,15.15,14.98,15.56,14.27,,19.22,5
4932,53485,2019-06-26 12:00:00,-1.935268757,22.8,22.47,21.72,21.75,22.42,22.13,22.23,20.2,22.61,19.72,19.56,23.04,22.47,21.82,22.61,21.53,19.79,20.13,,21.94,22.11,21.6,20.06,20.72,21.7,21.82,20.56,23.28,23.52,21.27,22.59,22.11,22.92,20.87,22.82,23.14,23.86,22.71,,22.68,12
4950,53503,2019-06-27 06:00:00,2.826676788,15.92,15.56,15.51,16.2,14.41,15.41,15.32,15.06,15.8,15.1,15.27,15.37,15.13,14.98,15.84,15.56,14.65,15.39,,16.42,14.89,15.37,14.36,16.42,15.96,17.15,14.63,15.25,14.89,15.63,15.27,15.49,15.82,15.41,15.03,15.41,15.2,15.87,,19.29,6
4957,53510,2019-06-27 13:00:00,-0.116038751,24.29,23.55,22.27,23.3,24.29,22.66,22.8,21.6,23.67,22.01,21.92,24.15,22.54,22.85,23.42,23.5,21.53,21.32,,22.49,23.35,22.8,21.94,21.49,22.75,23.02,22.27,23.23,23.76,22.97,23.3,21.94,23.33,23.45,24.32,22.97,23.45,23.33,,20.77,13
4965,53518,2019-06-27 21:00:00,0.164700567,19.32,17.42,17.27,18.68,15.94,17.23,17.08,16.77,15.92,17.61,18.63,17.72,16.87,16.65,15.92,18.06,16.56,17.84,,17.84,15.06,17.8,17.89,16.42,17.3,17.56,16.61,18.13,17.82,19.03,19.1,17.68,17.51,19.08,17.63,17.34,19.06,17.18,,16.8,21
4981,53534,2019-06-28 13:00:00,-1.047682446,26.33,25.33,23.91,24.61,25.5,24.8,24.65,23.26,24.94,23.91,23.11,25.5,24.77,24.87,24.94,24.68,22.85,22.56,,23.74,24.94,24.34,23.57,22.85,24.17,24.29,24.22,25.57,25.31,25.4,25.16,23.45,24.34,25.04,25.79,25.62,25.11,25.4,,21.92,13
4989,53542,2019-06-28 21:00:00,0.437050204,19.79,18.27,18.87,19.51,17.32,18.87,18.11,19.01,17.82,18.03,19.98,18.82,18.15,17.96,17.42,18.99,17.99,19.15,,19.51,16.42,19.32,18.06,18.08,18.7,19.37,17.87,20.32,18.87,20.46,18.65,18.72,18.77,21.63,19.13,18.94,20.37,18.46,,16.32,21
4992,53545,2019-06-29 00:00:00,-4.298568937,16.49,16.37,15.7,16.25,16.42,16.25,15.89,15.53,16.58,15.58,15.29,16.42,16.27,15.56,16.39,16.23,15.2,15.63,,16.13,16.18,16.46,14.94,15.37,16.03,15.94,15.84,16.94,17.03,16.2,17.46,17.23,17.65,16.7,16.94,17.3,17.44,17.32,,15.29,0
