,Unnamed: 0,Date,slope,5,10,15,49,54,61,66,74,95,101,107,124,129,134,138,144,149,184,189,195,201,206,211,254,260,265,270,309,316,328,334,346,351,368,374,386,391,396,400,1,Time,Month
0,32,2013-05-21 07:00:00,3.07633257,17.11,16.89,16.82,16.94,17.06,16.84,16.8,17.13,,16.99,16.87,16.8,16.99,16.87,16.92,16.99,16.89,10.93,11.61,12.27,12.56,12.32,11.01,11.25,11.88,12.27,11.86,16.99,17.01,,13.88,16.94,14.41,17.15,17.06,17.03,15.25,12.36,14.1,,7,5
1,104,2013-05-24 07:00:00,-0.150710538,15.46,19.91,20.03,20.22,15.84,20.03,19.96,20.51,,20.22,20.01,19.84,20.22,19.96,15.18,20.2,20.13,14.29,14.75,15.08,15.15,14.79,13.88,14.17,14.46,14.75,14.46,20.32,20.22,,15.84,20.25,16.27,20.53,20.41,20.41,20.89,16.51,16.39,,7,5
2,110,2013-05-24 13:00:00,1.516584153,10.76,19.79,19.53,19.65,11.13,19.51,19.53,20.03,,19.75,19.65,19.65,19.79,19.75,10.49,19.72,19.79,10.25,10.54,10.22,10.49,10.15,8.15,8.62,8.47,9.49,8.84,19.89,19.84,,11.57,19.89,11.86,19.84,20.13,19.94,20.27,12.15,12.2,,13,5
3,156,2013-05-26 11:00:00,-0.161204532,6.26,14.22,13.59,13.83,6.59,13.59,13.57,14.7,,14.0,13.79,13.83,14.22,14.07,5.64,14.05,14.41,3.56,5.44,5.13,5.95,5.95,3.51,3.51,4.12,5.51,4.82,6.13,6.66,,6.94,14.51,7.62,14.41,14.96,14.65,15.29,7.57,7.19,,11,5
4,171,2013-05-27 02:00:00,2.243061278,2.34,12.65,12.56,12.58,0.83,12.49,12.51,12.65,,12.63,12.61,12.68,12.63,12.58,0.77,12.53,12.44,1.7,1.75,2.07,-0.17,2.18,0.93,0.91,1.83,1.86,1.21,2.74,1.4,,2.21,12.58,3.56,12.68,12.58,12.56,12.46,3.2,3.67,,2,5
5,179,2013-05-27 10:00:00,-0.196604696,11.1,18.22,15.94,16.51,11.73,16.27,16.06,18.84,,17.15,16.46,16.96,18.75,17.63,10.54,18.01,19.41,9.73,11.15,10.69,11.22,10.81,8.79,11.18,11.35,11.27,10.17,12.44,13.62,,12.1,20.32,13.55,17.92,20.29,11.54,20.96,13.33,13.33,,10,5
6,190,2013-05-27 21:00:00,0.909067797,8.27,17.01,17.13,17.18,6.26,17.03,17.08,17.03,,17.11,17.13,17.08,17.08,17.03,7.62,17.01,16.82,7.8,6.79,7.47,5.77,8.02,8.27,6.71,7.47,7.97,6.89,8.32,7.72,,8.15,16.99,8.62,17.03,17.03,20.53,16.89,8.1,10.3,,21,5
7,204,2013-05-28 11:00:00,-1.27827022,16.27,18.75,17.96,18.39,17.08,18.15,17.99,18.94,,18.39,18.39,18.56,18.99,18.6,15.8,18.6,18.84,15.18,15.89,15.32,17.42,16.63,14.7,16.11,16.42,16.63,16.46,17.32,17.3,,16.51,19.15,17.87,18.65,19.03,18.27,19.39,17.18,16.77,,11,5
8,208,2013-05-28 15:00:00,0.084312785,17.23,20.46,20.6,20.84,18.75,20.6,20.53,21.08,,20.79,20.44,20.17,20.87,20.46,17.99,20.79,20.87,17.58,17.03,16.89,18.94,18.01,16.73,16.25,16.89,17.61,17.96,17.65,17.42,,18.06,20.91,18.18,21.18,21.01,19.94,21.77,18.41,18.2,,15,5
334,8312,2014-05-01 07:00:00,0.340902481,3.49,,2.66,3.51,4.12,3.67,3.41,1.7,4.35,0.58,0.02,3.96,3.33,1.97,3.93,2.45,0.0,0.22,3.22,,4.74,3.72,1.53,,,3.72,3.43,3.91,4.25,,4.04,3.3,3.72,3.12,3.78,,,3.62,,,7,5
335,8320,2014-05-01 15:00:00,-1.593632457,12.44,,14.51,12.8,14.98,16.18,15.46,14.27,15.7,7.22,9.85,17.23,14.84,10.79,15.22,15.41,9.71,11.59,13.86,,17.01,14.79,11.66,,,13.11,14.07,16.44,15.92,,17.37,15.41,14.55,15.01,18.84,,,15.53,,,15,5
336,8473,2014-05-08 00:00:00,1.404254535,5.41,,3.56,3.54,1.1,3.59,3.14,3.56,3.04,2.82,4.82,2.96,2.93,3.06,1.81,3.56,3.01,4.58,4.22,,0.72,4.14,3.7,,,3.93,2.53,6.33,4.51,,3.12,3.78,4.51,6.91,2.32,,,3.33,,,0,5
337,8482,2014-05-08 09:00:00,-3.853498375,13.69,,14.96,18.51,14.6,14.12,16.11,14.86,16.27,10.03,10.12,15.18,14.46,13.91,15.75,13.11,11.39,11.88,15.61,,17.03,15.7,11.03,,,15.65,14.17,15.96,17.15,,17.03,17.37,16.37,14.15,19.72,,,15.41,,,9,5
338,8530,2014-05-10 09:00:00,5.098691074,11.18,,12.51,12.17,11.27,11.86,12.8,12.78,11.49,12.56,10.98,11.98,11.73,11.44,11.25,14.12,12.34,12.41,13.55,,12.7,11.88,12.61,,,12.27,12.34,11.22,11.25,,10.88,10.69,10.54,13.06,11.76,,,10.59,,,9,5
339,8535,2014-05-10 14:00:00,-3.03998677,20.25,,22.3,21.68,22.9,21.49,22.39,20.48,22.8,18.39,15.22,23.18,21.13,18.77,22.82,21.82,18.89,19.37,21.13,,21.6,21.44,18.77,,,20.84,20.75,24.32,24.24,,24.24,23.47,22.51,23.04,24.27,,,22.56,,,14,5
340,8540,2014-05-10 19:00:00,0.930536761,17.58,,17.51,14.94,18.96,16.58,17.49,17.56,19.22,16.82,13.31,18.6,16.8,15.63,19.06,18.75,13.98,16.87,17.82,,13.91,18.53,16.77,,,16.23,18.27,19.82,19.39,,19.94,18.08,17.46,19.75,16.68,,,16.56,,,19,5
341,8546,2014-05-11 01:00:00,-3.558310152,11.71,,10.83,11.22,12.39,10.76,11.81,10.59,12.68,10.47,9.85,12.0,9.73,9.98,12.78,12.39,10.37,10.59,11.05,,9.85,11.54,8.92,,,12.1,11.27,13.35,13.14,,13.64,13.28,13.31,12.82,10.17,,,12.53,,,1,5
342,8568,2014-05-11 23:00:00,2.347685638,11.66,,11.54,12.03,7.95,9.81,10.0,11.57,12.0,12.2,11.03,10.15,8.79,10.03,11.35,13.5,11.1,10.93,11.2,,7.09,10.83,8.67,,,10.49,9.66,13.43,12.41,,13.02,12.46,10.44,14.22,9.61,,,9.21,,,23,5
343,8577,2014-05-12 08:00:00,-8.900605928,17.32,,18.99,19.13,17.72,17.94,18.27,16.49,18.68,13.62,13.69,17.25,17.89,16.8,17.65,16.39,14.63,15.46,18.49,,14.15,17.18,13.43,,,18.51,17.01,20.17,23.64,,20.01,20.39,19.08,16.51,17.32,,,19.87,,,8,5
344,8627,2014-05-14 10:00:00,2.283377316,12.7,,11.98,15.51,14.24,13.86,14.24,12.29,14.27,10.1,11.05,15.77,13.16,11.18,13.62,13.31,12.12,12.27,14.39,,18.99,13.38,11.08,,,14.1,13.74,12.58,13.31,,13.95,13.64,13.76,12.85,16.96,,,13.57,,,10,5
345,8633,2014-05-14 16:00:00,-2.265742162,18.01,,17.92,18.56,20.2,18.13,19.01,17.08,19.34,15.61,14.86,20.91,18.53,16.51,19.7,19.67,16.94,17.51,18.15,,19.03,19.18,15.96,,,18.27,18.3,20.37,19.79,,21.53,20.15,20.25,21.32,23.26,,,20.03,,,16,5
346,8648,2014-05-15 07:00:00,0.593569396,11.61,,11.57,12.32,11.64,11.88,11.95,11.95,11.57,12.15,11.13,11.61,10.98,11.32,11.32,11.88,12.07,12.32,11.54,,11.57,11.61,12.27,,,11.1,11.25,12.39,11.93,,11.35,11.13,11.57,12.0,11.64,,,11.42,,,7,5
347,8653,2014-05-15 12:00:00,-0.922677972,13.86,,12.78,13.62,15.15,14.77,14.19,12.61,15.1,12.63,12.12,15.51,14.31,12.87,14.36,14.22,12.8,13.04,13.79,,14.53,14.79,12.87,,,14.31,14.46,14.34,15.13,,15.27,14.65,14.43,13.55,14.91,,,14.51,,,12,5
348,8759,2014-05-19 22:00:00,1.55791902,7.92,,5.75,7.19,6.79,7.22,6.41,5.62,8.69,6.59,6.61,7.59,6.41,5.36,8.87,7.8,6.71,7.42,7.77,,6.91,7.19,4.77,,,9.31,6.66,7.82,8.67,,8.25,7.42,8.02,8.42,6.99,,,7.7,,,22,5
349,8763,2014-05-20 02:00:00,-2.071459873,7.65,,5.36,7.02,7.09,6.76,6.15,5.41,8.77,6.33,6.31,6.48,5.39,4.74,7.82,8.1,6.97,7.32,7.85,,5.85,6.54,5.15,,,8.2,6.26,8.3,8.77,,8.77,9.51,7.52,8.54,7.04,,,8.02,,,2,5
350,8785,2014-05-21 00:00:00,2.44419884,9.06,,7.52,10.08,6.97,8.57,7.67,8.1,8.02,8.07,9.66,9.53,8.07,7.12,9.02,8.42,8.25,7.77,8.42,,6.33,8.89,6.56,,,9.83,6.99,10.39,10.59,,9.83,9.11,9.06,11.2,9.02,,,8.07,,,0,5
351,8801,2014-05-21 16:00:00,-1.191363984,17.92,,18.44,17.99,19.27,17.89,19.25,19.22,18.82,14.51,14.58,21.08,19.08,17.42,19.46,18.89,16.37,18.96,18.3,,21.27,19.72,17.8,,,18.84,18.96,19.79,19.03,,20.13,19.79,19.77,18.89,19.2,,,19.67,,,16,5
352,8883,2014-05-25 02:00:00,0.815869235,7.77,7.39,6.86,8.77,6.48,7.44,7.22,7.44,7.07,7.82,8.97,7.32,7.8,6.84,7.67,7.65,7.09,8.22,8.07,,6.31,8.32,7.37,,,8.15,7.09,8.27,7.57,,7.47,7.62,7.9,9.36,7.92,,8.27,7.47,,,2,5
353,8891,2014-05-25 10:00:00,-0.19965366,15.37,17.89,20.32,15.96,15.77,14.89,15.92,15.25,15.94,12.32,13.06,15.87,14.79,14.46,15.56,15.46,14.46,15.89,17.77,,17.42,16.37,13.57,,,18.03,16.49,17.89,17.8,,16.3,16.13,16.94,15.77,16.11,,16.65,16.82,,,10,5
354,8895,2014-05-25 14:00:00,1.049586,18.37,20.98,22.15,19.46,19.65,22.49,21.39,21.2,19.39,16.92,16.89,23.33,19.44,18.22,19.7,19.13,17.77,16.8,18.22,,21.08,19.32,18.44,,,18.63,19.53,20.39,19.41,,21.08,19.32,19.58,19.6,21.13,,17.13,20.44,,,14,5
355,8900,2014-05-25 19:00:00,-1.746230355,14.07,13.79,13.83,13.4,14.34,13.5,13.4,14.46,14.36,11.93,14.41,14.34,12.51,12.05,14.67,14.12,12.78,13.33,13.93,,13.06,14.07,11.52,,,13.67,13.02,15.94,14.79,,14.98,15.89,15.1,17.39,14.29,,14.77,14.75,,,19,5
356,8905,2014-05-26 00:00:00,2.917218839,12.65,13.11,13.14,13.55,10.49,12.03,12.39,12.29,13.04,13.02,12.39,12.49,11.76,12.05,12.49,14.03,12.32,12.92,12.32,,11.78,13.02,11.03,,,12.49,11.9,13.04,11.93,,11.81,12.1,12.29,14.41,11.81,,12.49,11.88,12.53,,0,5
357,8921,2014-05-26 16:00:00,-1.850389156,15.8,15.63,15.46,15.03,16.89,14.67,15.15,13.86,15.65,13.79,13.11,15.96,14.98,14.36,16.58,15.03,13.88,13.98,14.84,,15.37,15.13,13.57,,,14.98,14.31,17.3,16.51,,15.94,15.75,16.37,17.15,16.13,,17.03,16.89,16.65,,16,5
358,8935,2014-05-27 06:00:00,0.882168554,13.16,12.92,13.62,14.46,12.03,13.35,13.4,14.27,13.21,12.58,13.93,13.21,12.53,12.92,12.49,13.74,13.04,13.88,14.72,,12.53,13.38,12.34,,,14.05,12.61,13.31,12.97,,12.94,12.97,13.21,14.46,12.63,,13.69,13.19,13.26,,6,5
359,8939,2014-05-27 10:00:00,-1.873425868,15.03,14.98,14.19,15.2,15.61,15.46,15.32,13.69,15.8,13.95,13.67,16.42,15.51,14.65,16.18,15.84,14.39,14.6,15.39,,16.51,15.89,14.05,,,15.8,15.7,15.41,15.56,,15.49,16.25,16.27,15.15,15.1,,15.8,16.2,16.18,,10,5
360,8982,2014-05-29 05:00:00,2.937360984,4.32,3.7,3.51,5.92,1.75,3.88,3.41,3.78,3.46,3.38,3.7,3.67,4.06,3.56,2.42,3.75,3.14,3.38,5.49,5.33,1.72,4.45,3.25,,5.57,4.82,3.3,4.77,3.22,,2.93,3.25,3.62,6.18,4.53,,4.25,3.78,3.62,,5,5
361,8993,2014-05-29 16:00:00,-1.025359334,14.36,15.94,15.13,14.39,16.65,15.89,16.58,15.18,15.89,13.31,12.7,17.46,15.1,13.88,16.03,17.56,14.7,14.82,14.0,14.22,16.3,16.03,14.22,,12.63,13.16,15.77,15.87,15.32,,16.42,15.7,15.58,16.61,16.27,,14.89,15.84,15.44,,16,5
362,9003,2014-05-30 02:00:00,0.731944571,7.19,7.29,7.95,8.05,6.1,7.34,7.39,8.77,6.76,7.52,8.27,7.32,7.52,7.67,6.59,7.92,7.82,7.72,8.52,8.07,5.9,8.12,7.72,,8.02,7.72,8.0,8.32,7.27,,7.22,7.14,7.57,8.74,7.59,,8.25,7.04,7.72,,2,5
363,9010,2014-05-30 09:00:00,-0.15489366,16.39,17.13,18.27,16.92,16.84,16.84,18.82,17.82,16.37,12.9,13.52,17.65,16.96,16.87,16.56,15.56,14.34,15.06,16.27,17.03,17.08,16.23,13.81,,16.75,17.13,15.56,16.8,18.53,,16.08,15.8,16.77,15.84,16.39,,16.73,18.06,16.32,,9,5
364,9039,2014-05-31 14:00:00,0.097751865,15.37,16.13,18.56,15.41,15.77,17.25,16.99,16.18,15.65,13.31,13.74,20.1,15.8,14.77,16.51,15.87,14.43,14.89,15.25,15.29,16.11,16.06,15.37,,15.56,15.49,16.46,15.58,15.2,,16.23,15.32,16.01,15.46,15.89,,15.89,17.42,15.61,,14,5
365,9042,2014-05-31 17:00:00,-0.711187645,14.17,14.34,14.0,13.74,15.03,14.1,14.51,13.21,14.94,12.29,11.76,16.06,14.22,13.71,15.53,14.51,12.65,13.21,13.67,14.82,14.89,14.67,12.97,,13.16,13.93,14.31,14.77,14.72,,14.36,14.79,14.84,14.22,14.79,,14.79,15.13,14.89,,17,5
692,17093,2015-05-02 04:00:00,1.214000565,3.46,3.09,3.88,4.71,1.13,3.54,3.25,,2.66,2.88,,3.06,2.64,3.01,2.32,3.85,3.27,3.85,,4.01,0.58,,2.96,,3.46,3.93,,4.14,3.04,5.02,2.58,3.01,,4.09,3.06,3.12,4.74,3.3,3.99,4.84,4,5
693,17098,2015-05-02 09:00:00,-0.137019487,14.84,18.18,15.84,16.32,15.65,15.32,16.15,,17.03,7.54,,16.56,15.89,13.4,16.42,14.0,9.58,11.9,,15.34,16.44,,10.74,,17.49,16.68,,18.01,18.89,17.46,17.8,19.08,,15.39,16.49,16.99,16.13,15.27,14.91,17.72,9,5
694,17115,2015-05-03 02:00:00,2.239630539,5.85,5.21,6.74,6.51,2.61,5.57,5.26,,4.84,4.35,,5.13,4.38,5.18,3.72,5.67,4.66,5.72,,6.1,2.16,,5.23,,5.39,6.08,,7.07,5.0,7.85,4.66,5.05,,7.8,5.44,5.51,7.65,5.13,6.56,7.8,2,5
695,17123,2015-05-03 10:00:00,-3.122787272,18.94,21.32,22.11,18.94,21.25,18.75,20.7,,20.82,9.71,,19.75,18.6,16.08,20.87,19.03,12.49,14.27,,19.06,20.53,,13.98,,18.84,20.08,,21.08,22.66,19.82,22.37,22.82,,21.89,22.68,21.25,20.13,19.6,20.32,19.48,10,5
696,17135,2015-05-03 22:00:00,3.207300055,12.07,11.03,12.2,10.79,8.0,11.49,10.69,,8.94,8.37,,11.01,8.67,9.81,8.74,10.54,7.52,8.3,,12.22,6.54,,8.87,,9.09,11.2,,13.28,10.79,13.59,9.63,10.88,,13.45,10.79,10.44,13.71,10.2,12.73,13.69,22,5
697,17147,2015-05-04 10:00:00,-2.94940143,21.46,24.85,24.97,23.71,24.73,22.37,23.79,,24.03,15.75,,24.24,21.58,21.37,23.69,22.63,19.08,20.13,,22.73,24.73,,19.63,,24.0,23.33,,25.84,28.02,24.05,25.45,26.28,,24.24,24.12,24.58,24.9,23.09,24.36,24.94,10,5
698,17187,2015-05-06 02:00:00,3.251183583,8.49,8.12,8.02,9.56,5.72,7.77,7.17,,,8.52,,8.94,6.97,6.15,6.38,9.16,7.42,8.47,,7.97,3.78,,6.69,,7.14,7.54,,9.58,9.41,10.1,6.71,7.39,,10.05,8.22,6.64,10.2,6.56,9.04,8.67,2,5
699,17193,2015-05-06 08:00:00,-0.213775081,15.72,17.2,15.58,16.68,15.41,15.7,14.75,,,10.15,,15.61,15.63,13.67,15.84,14.19,11.76,12.63,,15.03,15.22,,10.49,,15.32,16.18,,17.13,17.72,15.46,16.73,18.11,,15.75,15.68,15.77,15.87,16.15,15.13,18.22,8,5
700,17207,2015-05-06 22:00:00,2.591610692,13.31,12.22,11.83,14.24,8.77,12.41,11.86,,,12.05,,12.65,10.64,10.37,9.49,12.68,11.3,12.49,,12.97,7.32,,11.47,,10.79,11.37,,13.93,13.74,13.57,12.1,12.24,,14.65,12.03,11.3,13.74,10.54,13.5,13.19,22,5
701,17219,2015-05-07 10:00:00,-5.165262267,21.46,24.07,24.58,22.75,24.0,22.2,24.27,,,18.08,,24.1,21.53,21.65,23.02,22.2,19.67,19.72,,21.63,24.53,,19.25,,23.18,22.54,,25.31,27.6,24.12,24.97,26.04,,22.42,23.23,24.44,24.24,23.35,24.1,24.41,10,5
702,17230,2015-05-07 21:00:00,2.683706065,15.8,14.53,15.89,15.22,12.17,15.61,14.75,,,13.21,,15.82,13.55,14.75,12.82,15.63,14.91,14.86,,15.65,10.83,,13.47,,13.69,15.46,,17.3,14.79,17.08,14.29,15.46,,19.48,15.08,14.58,18.11,14.72,17.13,17.75,21,5
703,17244,2015-05-08 11:00:00,-1.058961689,22.18,24.05,23.55,21.22,24.1,23.11,25.28,,,19.27,,25.02,22.42,22.51,23.76,23.74,20.03,20.46,,23.26,25.14,,21.68,,23.5,22.59,,23.95,26.6,23.86,24.8,26.13,,23.09,23.86,23.33,25.21,22.32,23.23,23.47,11,5
704,17264,2015-05-09 07:00:00,2.291777559,7.62,7.42,9.14,7.87,6.97,7.7,8.22,,,7.22,,7.72,7.87,8.49,7.72,7.75,7.67,8.77,,8.07,7.87,,8.52,,9.16,8.07,,7.54,7.57,6.79,6.79,7.32,,7.02,6.71,6.91,6.56,7.67,6.97,8.47,7,5
705,17272,2015-05-09 15:00:00,-2.131936338,20.7,21.44,20.53,20.96,22.25,21.77,22.51,,,19.41,,23.74,22.13,20.41,21.84,22.99,20.51,20.82,,21.8,23.18,,20.34,,21.08,21.84,,22.18,21.87,20.94,23.04,22.27,,21.8,22.2,22.06,21.65,22.35,22.73,21.03,15,5
706,17279,2015-05-09 22:00:00,2.762032978,15.32,16.73,16.03,14.75,12.46,15.96,16.08,,,15.25,,16.94,14.55,14.55,15.41,15.89,15.03,14.79,,16.06,13.57,,15.61,,14.46,16.13,,16.51,16.01,16.01,14.96,15.84,,16.63,15.27,14.77,17.23,14.7,17.37,16.42,22,5
707,17289,2015-05-10 08:00:00,-2.28760668,18.94,19.2,19.51,18.63,20.03,18.13,18.72,,,16.37,,18.7,18.2,17.49,18.89,18.08,16.61,16.68,,18.63,18.94,,15.92,,17.7,18.3,,20.03,20.37,19.48,19.98,20.25,,18.63,19.58,19.48,20.08,18.82,19.13,19.6,8,5
708,17311,2015-05-11 06:00:00,1.496283661,16.11,16.39,15.87,16.94,14.53,16.27,15.8,,,15.22,,16.06,15.03,15.44,15.34,15.87,15.13,15.65,,16.08,14.55,,14.89,,15.39,15.8,,16.49,15.65,16.39,15.51,16.13,,16.56,16.06,15.27,16.3,15.82,16.11,16.92,6,5
709,17314,2015-05-11 09:00:00,-1.307578351,15.82,15.84,15.72,14.84,16.89,15.22,16.11,,,15.29,,16.27,16.13,15.46,16.56,15.8,14.89,14.34,,16.27,16.53,,15.22,,15.15,16.27,,15.77,16.03,15.51,16.25,16.51,,15.41,16.37,16.15,16.37,16.08,16.27,15.13,9,5
710,17334,2015-05-12 05:00:00,1.029693024,9.36,9.63,10.03,10.59,9.44,9.93,9.98,,,12.53,,10.93,9.9,11.35,9.39,12.85,12.05,12.07,,10.1,9.58,,13.31,,11.22,10.15,,9.39,9.31,9.85,9.49,9.53,,9.61,9.36,9.49,9.24,10.05,9.53,10.0,5,5
711,17342,2015-05-12 13:00:00,-0.270807165,18.94,21.51,21.46,20.46,21.41,19.79,20.98,,,17.61,,22.23,19.79,18.01,21.53,21.18,18.84,18.15,,20.37,21.8,,16.7,,19.03,19.98,,22.37,21.72,21.46,22.18,21.08,,21.96,21.96,21.39,20.27,20.44,21.22,21.22,13,5
712,17376,2015-05-13 23:00:00,2.779905442,5.28,3.83,3.27,6.51,4.17,5.59,4.45,,,5.26,,6.61,5.23,5.02,6.97,6.81,5.59,5.51,,7.09,5.62,,5.59,,3.91,7.34,,5.51,6.56,5.51,7.29,5.62,,7.27,7.47,4.51,7.22,3.59,6.43,3.8,23,5
713,17380,2015-05-14 03:00:00,-5.318011807,4.82,3.99,2.48,4.87,4.27,4.61,4.25,,,3.3,,4.14,4.04,3.64,5.23,4.38,3.22,2.64,,5.26,2.66,,3.43,,1.51,4.58,,3.2,6.05,4.19,5.95,5.69,,5.02,6.03,5.59,6.51,4.61,7.44,3.14,3,5
714,17402,2015-05-15 01:00:00,3.91145735,7.34,6.66,6.03,6.76,2.96,5.59,5.85,,,5.39,,5.92,5.18,4.45,4.51,6.71,5.72,5.1,,5.98,1.64,,6.26,,3.62,6.18,,7.22,6.31,8.07,6.51,4.82,,7.75,7.04,4.77,8.82,3.67,7.67,6.97,1,5
715,17411,2015-05-15 10:00:00,-1.119807422,16.23,17.2,16.53,16.65,17.65,16.3,17.13,,,13.31,,17.96,15.58,14.79,16.89,16.3,14.53,14.36,,16.34,18.13,,12.97,,19.87,16.15,,17.75,18.03,16.61,17.44,17.61,,17.7,17.23,17.42,17.15,16.89,16.99,16.46,10,5
716,17423,2015-05-15 22:00:00,2.659595407,10.44,10.81,11.76,11.1,8.62,10.91,10.83,,,10.35,,11.05,9.58,9.61,9.24,10.49,8.82,9.26,,11.42,7.92,,9.76,,9.11,10.76,,12.65,10.32,12.2,10.12,10.42,,12.8,10.91,10.39,12.15,9.95,12.1,13.11,22,5
717,17435,2015-05-16 10:00:00,-0.654066604,12.15,12.92,12.05,12.65,12.39,12.46,12.73,,,10.32,,12.75,12.07,11.05,12.36,11.88,10.3,10.88,,12.34,12.56,,10.54,,13.31,12.44,,13.19,12.73,12.82,12.85,12.82,,12.92,13.14,12.63,13.14,12.87,12.75,12.85,10,5
718,17453,2015-05-17 04:00:00,0.584472296,11.13,11.35,11.64,13.47,10.98,11.73,11.08,,,12.87,,11.52,11.39,11.78,12.17,13.16,12.61,13.04,,12.29,11.03,,11.64,,12.61,13.4,,12.51,11.9,12.68,12.24,11.71,,12.92,12.0,11.76,12.99,11.73,12.87,12.73,4,5
719,17457,2015-05-17 08:00:00,-2.387373731,19.56,20.1,20.03,19.84,19.13,18.39,17.94,,,14.36,,17.8,18.34,16.94,17.46,17.46,16.32,16.39,,18.72,19.01,,15.56,,23.04,20.13,,19.75,21.44,18.41,19.15,19.65,,17.7,19.29,19.46,19.25,20.15,19.56,20.37,8,5
720,17504,2015-05-19 07:00:00,0.59943969,10.88,10.83,11.66,11.47,10.64,11.37,10.54,,,11.01,,11.03,10.69,10.79,10.66,11.3,11.66,11.76,,10.98,10.98,,11.42,,11.78,10.71,,10.32,10.39,10.83,10.64,10.42,,10.93,10.88,10.59,10.37,11.1,10.44,10.57,7,5
721,17513,2015-05-19 16:00:00,-0.659957497,18.89,19.29,19.46,19.25,20.63,18.79,20.13,,,17.87,,20.79,18.72,18.79,20.08,20.08,18.46,18.79,,19.65,19.77,,18.39,,17.18,18.65,,19.13,19.46,19.84,18.94,19.56,,19.41,19.79,19.44,19.37,19.91,19.63,19.13,16,5
722,17546,2015-05-21 01:00:00,0.132475371,3.01,2.02,2.02,4.53,0.66,2.77,1.86,,,3.88,,3.54,3.59,3.49,4.71,4.95,2.93,3.3,,3.93,3.2,,2.88,,4.35,3.7,,4.12,3.51,3.78,4.51,3.78,,5.23,5.41,3.01,5.18,3.09,4.82,3.88,1,5
723,17556,2015-05-21 11:00:00,-2.061560322,15.37,16.32,17.56,15.49,16.92,16.23,16.61,,,13.43,,17.63,14.94,14.63,15.51,15.87,14.82,15.22,,15.27,16.94,,14.12,,15.65,15.65,,16.73,16.94,16.56,16.42,17.08,,15.65,16.06,16.75,16.51,16.25,16.37,16.06,11,5
724,17567,2015-05-21 22:00:00,1.540182334,10.3,11.37,9.85,10.64,10.37,10.32,10.08,,,9.9,,11.2,10.05,9.31,10.54,11.01,9.09,8.84,,10.59,9.19,,8.92,,8.82,10.03,,11.3,11.32,10.98,11.25,9.9,,11.83,12.2,10.2,11.1,9.93,11.32,11.42,22,5
725,17570,2015-05-22 01:00:00,-0.758102234,9.21,9.56,8.54,9.49,9.06,9.19,9.16,,,8.59,,9.41,8.97,8.74,9.71,9.95,8.47,8.52,,9.02,9.31,,8.37,,8.2,9.9,,10.32,10.3,10.08,10.2,9.41,,9.81,10.39,9.66,10.49,9.19,10.49,9.66,1,5
726,17615,2015-05-23 22:00:00,1.511746143,6.08,6.86,6.61,7.97,3.46,7.32,6.13,,,7.67,,8.05,6.41,6.05,8.12,8.92,6.89,6.66,,7.54,5.95,,6.64,,5.62,6.13,,7.47,7.37,7.92,6.97,7.17,,8.52,7.95,5.39,9.41,6.03,9.46,7.62,22,5
727,17625,2015-05-24 08:00:00,-3.288232688,15.15,14.96,16.27,16.01,15.51,14.84,14.12,,,11.93,,15.01,14.7,14.05,14.58,14.03,13.14,14.07,,14.84,15.03,,11.83,,15.99,15.72,,16.18,16.99,14.12,15.51,15.34,,14.6,15.37,16.13,15.32,16.44,16.68,16.75,8,5
728,17641,2015-05-25 00:00:00,0.955804797,14.12,14.65,14.51,15.29,12.82,13.21,13.02,,,15.34,,13.5,12.53,13.04,12.7,14.55,13.21,13.74,,14.07,10.1,,12.82,,12.46,13.55,,15.51,14.12,16.46,17.11,13.59,,17.13,15.18,14.07,15.8,11.76,17.27,16.65,0,5
729,17650,2015-05-25 09:00:00,-3.776169319,18.25,18.13,18.08,18.32,19.41,17.27,17.63,,,16.75,,18.18,17.39,16.8,17.82,17.92,16.96,17.27,,17.44,17.56,,15.8,,17.42,17.49,,18.63,19.65,18.18,19.25,18.27,,18.77,19.41,19.79,20.7,18.41,19.1,18.18,9,5
730,17669,2015-05-26 04:00:00,0.499741863,14.12,13.98,14.65,14.53,13.35,14.1,14.12,,14.24,16.2,13.74,14.27,13.81,14.77,13.88,15.06,13.79,15.22,,14.75,13.76,,15.63,,13.64,15.18,,14.84,14.75,14.63,14.84,14.43,,15.51,14.51,14.46,15.32,14.12,14.96,15.01,4,5
731,17681,2015-05-26 16:00:00,-0.889697146,24.97,25.38,25.14,24.53,25.4,24.44,25.4,,25.11,24.27,23.76,25.72,24.46,23.86,24.9,25.74,24.48,24.24,,24.1,24.63,,23.93,,22.23,24.17,,24.41,25.57,25.38,24.87,24.24,,25.82,26.5,25.62,25.16,25.26,25.67,24.99,16,5
732,17687,2015-05-26 22:00:00,2.098336239,19.18,20.53,19.34,19.32,18.27,18.89,18.75,,19.79,19.77,18.34,19.84,18.63,19.18,19.29,19.77,18.2,18.75,,20.03,17.18,,18.75,,17.8,18.99,,20.15,20.41,20.44,21.15,19.65,,21.72,21.8,19.15,20.32,17.87,21.03,20.98,22,5
733,17700,2015-05-27 11:00:00,-4.939560239,25.72,25.07,26.97,24.53,26.13,25.62,26.7,,25.77,24.61,24.56,26.48,24.87,23.69,24.9,25.6,26.09,25.94,,24.48,24.99,,23.11,,25.5,25.21,,25.48,26.35,25.45,25.6,26.09,,25.6,25.72,27.01,25.82,26.92,26.72,24.85,11,5
1018,25854,2016-05-01 05:00:00,0.571369178,4.4,4.17,4.97,4.22,2.37,4.17,4.32,,3.78,3.41,,3.93,3.46,3.25,3.62,3.99,3.78,3.88,,,2.29,4.92,4.14,4.09,,,,4.71,3.99,5.08,3.78,3.8,4.14,,3.93,3.46,4.53,3.56,3.51,,5,5
1019,25857,2016-05-01 08:00:00,-0.290236611,7.29,8.2,7.72,7.17,8.25,8.15,8.84,,8.1,6.54,,8.84,8.62,7.44,7.97,8.72,6.89,7.17,,,8.99,8.92,7.07,7.95,,,,7.97,7.95,7.52,8.05,8.47,8.54,,7.62,7.75,7.72,7.67,9.16,,8,5
1020,26113,2016-05-12 00:00:00,2.695305496,10.69,10.22,8.62,10.86,5.77,8.49,9.71,,10.88,7.72,,8.74,7.65,7.07,8.3,8.74,8.64,8.47,,,6.43,9.81,7.07,8.97,,,,11.37,10.86,10.79,9.98,8.72,8.82,,10.59,8.99,12.44,8.34,9.09,,0,5
1021,26124,2016-05-12 11:00:00,-0.529507344,21.56,23.83,23.93,21.75,24.15,22.66,24.41,,22.85,18.96,,24.8,21.18,22.66,23.18,22.9,20.22,20.32,,,25.31,24.12,20.37,22.61,,,,25.16,24.53,23.45,24.82,26.62,24.24,,23.33,23.59,24.51,22.13,24.03,,11,5
1022,26139,2016-05-13 02:00:00,1.567274636,11.3,9.9,11.86,11.08,6.54,10.69,9.66,,9.34,12.27,10.1,10.49,9.46,10.57,8.59,10.49,9.9,10.3,,,6.41,11.03,10.61,11.13,,,,12.22,9.81,12.94,9.26,9.61,9.71,,9.93,9.51,12.94,8.79,9.95,,2,5
1023,26146,2016-05-13 09:00:00,-1.990413752,16.23,16.56,15.7,16.68,17.51,16.51,17.49,,17.3,14.19,14.6,18.51,16.8,15.99,18.65,17.51,15.56,16.08,,,18.94,17.84,15.03,18.68,,,,17.27,18.32,16.32,17.89,18.6,18.56,,18.15,17.44,18.65,17.46,18.96,,9,5
1024,26287,2016-05-19 06:00:00,1.811797098,10.27,10.15,9.85,10.42,9.21,9.56,10.61,,9.21,7.72,7.47,9.04,8.84,7.47,9.71,9.11,8.05,8.27,,,8.42,9.83,8.02,8.69,,,,10.17,9.66,10.25,8.97,9.53,9.61,,9.61,9.16,10.15,8.72,8.97,,6,5
1025,26290,2016-05-19 09:00:00,-6.380303965,13.5,14.48,14.29,18.15,15.22,13.45,13.47,,15.75,11.98,11.59,15.39,13.91,13.23,14.31,14.39,11.88,12.2,,,14.6,13.59,10.47,12.85,,,,15.49,16.56,16.37,16.94,16.82,16.92,,16.25,16.06,16.03,16.11,15.7,,9,5
1026,26308,2016-05-20 03:00:00,1.126640836,6.2,5.18,4.71,6.71,4.01,5.44,4.64,,5.36,5.23,6.26,6.89,5.69,5.08,5.85,6.1,4.61,5.95,,,3.88,6.2,5.67,5.44,,,,7.04,5.8,6.0,6.89,4.97,5.49,,5.85,5.44,6.97,5.26,5.82,,3,5
1027,26324,2016-05-20 19:00:00,-5.066578556,13.11,12.63,12.53,12.8,12.58,12.94,11.93,,14.31,10.83,13.19,13.91,11.18,11.03,12.56,14.29,11.49,12.46,,,11.93,12.65,10.37,11.03,,,,14.89,15.18,14.46,15.44,14.29,14.03,,14.79,13.52,15.22,14.55,16.27,,19,5
1028,26328,2016-05-20 23:00:00,1.680502565,11.03,9.71,11.15,11.03,7.37,10.61,9.85,,8.87,10.35,11.66,10.64,8.87,9.31,8.52,10.98,10.47,10.37,,,6.33,10.35,8.92,10.59,,,,12.0,9.83,12.8,9.24,9.06,9.29,,9.9,9.14,11.76,8.72,10.49,,23,5
1029,26342,2016-05-21 13:00:00,-1.889874197,20.15,21.32,20.56,21.03,21.72,21.15,20.89,,21.65,17.7,18.13,21.51,20.37,19.08,21.1,21.25,18.96,19.89,,,21.65,20.53,18.08,19.39,,,,21.51,21.7,20.98,21.89,21.7,21.29,,21.63,21.56,21.27,21.84,22.13,,13,5
1030,26360,2016-05-22 07:00:00,1.372375117,13.67,14.1,13.38,13.59,12.78,13.21,13.98,,13.98,9.61,11.57,13.02,11.93,12.05,13.79,11.98,10.79,11.54,,,12.29,14.03,11.27,12.24,,,,14.31,12.92,14.12,13.71,13.71,13.23,,13.31,12.92,15.08,12.87,13.21,,7,5
1031,26365,2016-05-22 12:00:00,-13.27417621,15.29,16.18,14.15,17.37,15.96,13.64,13.55,,15.53,13.47,13.21,15.32,12.82,13.4,12.9,15.41,13.31,13.11,,,12.1,11.52,8.57,11.52,,,,17.63,18.2,17.08,18.37,18.03,18.3,,18.56,17.7,16.65,19.25,19.03,,12,5
1032,26378,2016-05-23 01:00:00,2.580735939,12.34,10.96,9.98,12.87,8.62,11.95,10.93,,11.32,10.27,11.71,10.71,9.11,8.47,10.15,10.39,10.59,10.05,,,7.67,10.44,8.12,11.57,,,,13.28,10.44,12.15,10.3,9.95,10.27,,10.79,9.41,13.35,10.03,11.15,,1,5
1033,26392,2016-05-23 15:00:00,-3.121945028,22.61,23.69,23.45,23.18,24.29,24.0,24.73,,23.57,19.89,19.67,26.04,22.23,21.68,23.81,24.15,21.1,22.37,,,23.91,23.18,21.29,20.17,,,,24.34,23.52,25.67,25.99,23.62,25.07,,25.23,24.73,24.03,25.4,24.22,,15,5
1034,26407,2016-05-24 06:00:00,0.186440425,13.31,12.9,14.22,14.6,13.33,13.38,14.27,,12.78,12.39,12.68,13.88,13.06,12.17,13.38,13.98,13.26,13.43,,,12.58,13.69,11.98,13.69,,,,13.43,12.73,13.06,12.82,13.31,13.55,,13.19,13.26,13.59,13.04,12.78,,6,5
1035,26410,2016-05-24 09:00:00,-2.411231169,12.7,13.55,13.52,13.38,13.76,13.06,13.21,,14.07,12.24,11.78,14.67,13.52,13.4,12.97,13.64,12.2,12.24,,,13.16,13.04,11.83,12.15,,,,13.71,14.0,13.31,14.34,13.62,13.98,,13.86,13.76,13.31,14.7,14.27,,9,5
1036,26432,2016-05-25 07:00:00,2.298520995,15.34,14.51,16.61,16.32,13.79,13.55,15.27,,13.98,11.76,15.08,13.55,13.98,12.99,14.84,13.55,12.78,13.04,16.84,,13.91,13.95,11.03,16.11,,,,14.05,13.98,13.79,12.68,14.34,14.29,,12.99,13.47,14.46,13.5,13.4,,7,5
1037,26444,2016-05-25 19:00:00,-9.917262637,15.72,16.18,15.51,16.75,17.08,15.84,14.65,,17.63,14.96,15.51,17.3,15.46,16.61,15.34,16.61,14.6,15.27,15.51,,16.51,16.01,15.46,14.63,,,,17.18,18.03,17.96,18.91,18.53,18.91,,18.96,17.11,17.39,20.13,19.82,,19,5
1038,26482,2016-05-27 09:00:00,1.81784611,17.03,17.25,17.13,16.56,17.2,17.18,18.13,,16.42,15.72,14.75,17.89,17.89,16.73,17.34,15.87,15.8,16.18,16.96,,18.32,18.37,16.37,18.01,,,,17.32,17.51,15.46,16.44,17.53,17.68,,16.37,17.18,17.15,16.63,15.75,,9,5
1039,26491,2016-05-27 18:00:00,-0.058568797,19.46,20.13,19.15,19.89,20.67,20.15,19.75,,21.46,19.84,18.56,22.03,19.96,19.89,21.08,21.72,19.91,20.01,19.84,,21.7,21.29,19.44,18.79,,,,20.6,21.13,20.48,20.77,20.41,20.37,,21.2,20.75,20.56,21.53,20.98,,18,5
1040,26497,2016-05-28 00:00:00,5.048070605,19.44,18.99,19.08,18.68,16.23,18.46,18.22,,19.15,19.34,18.72,18.63,17.65,18.32,17.75,19.37,18.7,18.51,17.8,,17.32,18.94,17.63,17.82,,,,18.77,18.13,18.89,17.25,17.13,17.49,,18.39,17.23,18.79,16.92,18.01,,0,5
1041,26506,2016-05-28 09:00:00,-4.290255688,23.33,24.61,26.04,23.42,23.18,22.13,23.52,,22.99,21.56,21.94,22.63,23.04,23.91,24.15,23.35,22.37,22.63,23.98,,24.39,24.03,20.75,24.77,,,,25.48,26.38,23.91,23.33,25.55,25.6,,23.21,24.68,25.19,25.02,24.27,,9,5
1042,26510,2016-05-28 13:00:00,3.522384179,27.73,27.9,28.69,27.46,28.17,28.87,28.0,,27.9,26.16,24.85,30.9,27.55,27.11,27.8,27.85,25.94,26.57,30.29,,28.64,27.88,25.62,26.06,,,,28.15,27.58,27.14,27.31,26.74,27.9,,28.22,28.35,27.26,27.58,27.51,,13,5
1043,26514,2016-05-28 17:00:00,-1.069143214,24.56,25.09,24.36,24.92,25.14,24.87,24.92,,25.67,23.23,23.95,26.04,23.71,24.46,25.67,26.92,24.56,24.15,23.35,,25.53,25.21,23.52,22.71,,,,24.92,25.87,25.09,24.77,24.87,24.44,,26.72,26.01,26.04,27.33,25.48,,17,5
1044,26521,2016-05-29 00:00:00,1.651094068,19.2,18.46,19.18,19.77,16.8,19.06,18.18,,18.37,18.32,18.7,19.46,18.37,18.56,17.56,19.37,18.34,18.63,19.06,,16.46,19.41,18.15,19.08,,,,20.22,18.06,20.84,18.08,18.34,18.27,,19.08,17.68,20.1,17.56,19.32,,0,5
1045,26525,2016-05-29 04:00:00,-0.581054807,16.8,16.96,16.06,16.8,15.92,16.84,16.37,,16.08,16.01,15.7,17.13,16.82,16.34,16.75,16.89,15.65,15.82,16.61,,16.51,17.25,15.87,15.92,,,,17.61,17.46,16.89,17.99,17.42,17.46,,17.08,16.94,17.18,16.11,17.34,,4,5
1046,26551,2016-05-30 06:00:00,1.364471304,13.11,12.99,13.88,13.26,12.7,13.02,13.47,,12.49,13.21,14.55,13.02,13.06,13.64,12.78,13.4,14.34,13.98,13.31,,12.78,13.4,14.17,13.43,,,,12.1,12.05,12.8,12.22,12.29,12.65,,12.34,12.2,12.0,12.73,12.22,,6,5
1047,26555,2016-05-30 10:00:00,-0.853744599,17.27,16.63,19.13,16.18,16.82,17.8,20.41,,15.92,16.7,18.27,17.61,18.46,18.13,17.51,17.7,18.41,17.8,18.72,,18.25,19.22,16.56,17.56,,,,17.13,15.92,16.96,16.39,17.56,18.46,,15.82,17.37,17.46,17.18,16.34,,10,5
1048,26563,2016-05-30 18:00:00,0.243687317,20.6,22.08,20.89,20.1,21.06,20.87,21.77,,21.8,21.13,19.27,22.49,21.37,20.84,21.51,22.68,20.01,20.03,20.03,,22.25,22.11,20.58,20.39,,,,21.22,21.56,22.08,21.53,21.13,20.91,,22.8,21.56,22.11,22.71,21.96,,18,5
1049,26568,2016-05-30 23:00:00,-0.723935835,17.82,18.13,17.46,18.49,17.7,17.82,17.37,,19.03,18.15,16.99,18.91,17.68,17.13,18.82,19.32,17.08,17.18,17.23,,19.1,18.41,17.03,16.56,,,,18.7,18.99,17.8,19.98,18.46,19.06,,19.15,18.27,19.46,17.82,20.17,,23,5
1382,34640,2017-05-02 07:00:00,0.202463512,6.05,6.36,7.72,6.15,5.92,6.05,6.31,8.62,5.95,8.25,,5.98,6.05,6.94,5.51,6.08,6.74,,5.98,5.8,5.95,5.85,,,5.92,,5.8,6.48,6.0,6.26,5.8,5.9,6.26,5.95,6.33,5.92,6.2,6.15,5.75,6.56,7,5
1383,34648,2017-05-02 15:00:00,-2.494507102,11.22,12.27,12.39,12.44,13.26,11.81,11.83,10.39,13.26,9.26,,12.9,11.15,10.37,13.35,12.24,10.25,,11.95,12.17,12.44,11.61,,,10.3,,10.83,13.69,13.83,12.85,14.27,13.59,12.97,12.63,13.06,12.8,12.24,12.82,13.16,12.44,15,5
1384,34731,2017-05-06 02:00:00,0.838688786,7.57,7.87,7.67,7.82,7.19,7.42,7.75,7.7,7.24,6.76,,6.94,7.02,7.07,6.97,6.69,6.66,,7.85,7.47,7.04,7.07,,,6.89,,7.29,7.42,7.22,7.85,7.29,7.14,7.47,7.62,7.42,7.14,7.19,7.42,7.14,8.22,2,5
1385,34736,2017-05-06 07:00:00,-2.067673962,9.71,9.95,9.02,9.51,9.76,9.73,9.71,8.84,9.85,8.82,,9.83,9.95,9.09,9.78,9.31,8.74,,9.56,9.66,10.1,9.9,,,8.82,,10.12,10.25,10.12,9.81,10.2,10.39,10.59,9.51,10.25,10.57,9.93,10.35,10.1,9.95,7,5
1386,34876,2017-05-12 03:00:00,0.21696938,5.08,4.66,4.25,4.9,3.22,4.69,4.43,3.67,4.09,3.78,,4.77,4.58,4.09,3.96,4.3,3.64,,4.58,5.02,3.38,5.13,,,5.02,,4.32,5.57,4.61,5.21,4.58,4.58,4.97,5.1,4.61,4.71,5.9,4.4,5.18,5.21,3,5
1387,34882,2017-05-12 09:00:00,-1.481167635,12.22,15.01,13.52,12.27,13.02,12.34,13.5,10.57,14.15,8.05,,13.43,12.22,10.0,12.68,11.88,9.06,,11.81,12.39,13.67,12.05,,,12.49,,11.32,15.18,14.94,13.11,12.97,14.53,14.36,12.03,14.43,13.74,14.19,13.28,12.58,13.59,9,5
1388,34900,2017-05-13 03:00:00,0.741521089,5.57,5.1,5.28,6.05,2.88,5.54,4.77,5.87,4.66,5.87,,4.69,5.28,4.69,4.06,5.54,4.51,,6.99,5.59,2.66,5.69,,,5.31,,5.02,6.56,5.18,6.59,4.92,5.18,5.51,6.1,5.28,4.79,6.76,5.0,5.72,7.19,3,5
1389,34905,2017-05-13 08:00:00,-4.409223687,10.64,11.37,9.66,10.71,11.3,10.81,11.25,8.62,11.22,7.67,,11.27,10.66,8.77,10.64,10.15,8.25,,10.12,10.71,11.59,10.76,,,11.2,,9.93,12.0,12.05,10.81,11.57,12.58,12.92,11.05,12.12,12.39,12.58,12.32,11.61,11.39,8,5
1390,34965,2017-05-15 20:00:00,2.322884074,8.67,9.02,7.7,9.34,6.74,7.77,7.77,7.07,8.82,7.85,,7.77,6.08,7.19,8.07,9.61,8.0,,7.47,8.42,6.76,7.42,,,6.89,,6.97,8.0,9.63,8.42,8.15,7.49,7.82,9.46,9.39,7.62,9.78,6.97,9.06,7.97,20,5
1391,34969,2017-05-16 00:00:00,-1.015272631,9.31,8.94,9.16,10.42,10.03,8.34,8.17,8.34,10.47,8.97,,8.47,6.74,7.8,10.12,10.39,8.72,,8.64,9.04,7.87,7.75,,,7.52,,6.94,10.3,10.88,10.17,9.39,10.59,9.49,11.18,11.54,11.08,11.18,7.77,11.35,9.53,0,5
1392,34993,2017-05-17 00:00:00,0.748476584,11.64,10.49,11.42,12.63,9.66,11.32,10.49,11.37,11.44,12.53,,11.47,10.0,10.59,10.69,13.35,11.9,,12.24,12.39,8.87,11.54,,,10.83,,10.3,12.7,12.56,13.5,11.61,11.73,11.27,13.19,11.78,10.96,13.93,10.76,12.82,12.27,0,5
1393,35027,2017-05-18 10:00:00,-1.084447628,26.21,29.07,29.07,28.3,28.62,27.01,28.99,25.84,27.55,23.5,,28.39,26.26,26.82,26.57,26.62,25.6,,28.69,26.77,28.87,28.2,,,27.8,,26.52,28.82,29.29,27.43,28.02,28.49,28.82,27.36,27.33,28.07,28.05,26.79,27.88,27.8,10,5
1394,35033,2017-05-18 16:00:00,0.522777343,27.31,28.89,28.44,27.75,29.99,29.22,28.87,27.95,28.84,27.16,,30.02,27.48,26.09,29.12,30.98,27.8,,27.65,27.01,29.64,28.84,,,26.21,,27.8,29.04,29.14,29.99,30.47,27.92,27.55,29.49,30.22,29.14,27.8,28.25,29.29,28.3,16,5
1395,35047,2017-05-19 06:00:00,-3.200454827,18.68,19.18,17.42,19.34,20.03,18.32,18.18,16.65,19.7,16.87,,18.41,18.22,16.84,18.89,18.32,16.89,,18.6,19.6,18.65,18.06,,,17.49,,17.34,19.6,20.03,17.7,19.18,18.79,20.1,18.79,20.03,20.46,19.94,19.6,20.67,19.22,6,5
1396,35090,2017-05-21 01:00:00,1.542585565,5.51,4.97,4.87,5.98,3.14,5.54,4.58,4.92,4.4,4.97,,4.87,5.54,4.74,3.67,5.13,4.9,,5.87,6.18,2.4,6.31,,,5.82,,4.92,7.22,4.71,7.57,5.39,5.28,5.51,7.44,5.23,4.97,6.97,4.71,5.77,7.22,1,5
1397,35097,2017-05-21 08:00:00,-1.374611282,12.65,13.04,12.44,12.61,12.63,12.2,12.9,10.83,12.58,8.69,,12.61,13.11,11.22,11.47,11.2,9.06,,11.88,12.34,12.82,11.81,,,13.52,,11.54,12.97,14.07,10.96,11.32,12.63,13.59,12.32,12.78,13.38,13.57,13.4,12.2,13.16,8,5
1398,35159,2017-05-23 22:00:00,1.422835984,11.18,10.39,11.08,11.44,9.36,10.44,10.37,11.54,10.0,9.85,,10.59,10.05,9.73,9.9,10.69,10.1,,11.47,11.61,8.67,11.22,,,9.93,,10.15,12.49,10.22,12.97,10.86,10.66,11.05,13.64,10.83,10.79,12.39,10.49,12.22,12.7,22,5
1399,35171,2017-05-24 10:00:00,-1.671662079,17.23,17.51,18.03,18.03,17.99,17.27,17.44,16.25,17.58,15.37,,19.18,16.73,16.13,17.7,17.58,16.11,,17.68,17.51,17.56,17.18,,,18.7,,17.08,17.89,18.34,17.92,17.63,18.6,18.39,18.06,17.63,18.13,18.13,18.08,18.25,17.25,10,5
1400,35184,2017-05-24 23:00:00,0.591551089,10.54,10.47,10.76,11.49,9.16,10.64,10.0,10.57,10.59,10.76,,10.83,10.61,10.05,11.01,10.49,9.51,,10.96,11.05,9.04,11.27,,,9.83,,10.69,12.22,11.27,11.9,10.64,10.69,11.05,11.76,11.22,10.79,12.68,10.49,11.71,12.32,23,5
1401,35192,2017-05-25 07:00:00,-1.206811255,11.13,11.39,10.3,11.01,11.3,11.18,11.1,9.81,11.64,9.71,,11.52,11.27,10.1,11.3,11.39,10.0,,11.08,11.2,11.42,11.42,,,11.37,,11.03,11.93,11.76,10.83,12.03,11.78,11.71,11.08,11.69,11.98,11.71,10.93,11.88,11.05,7,5
1402,35256,2017-05-27 23:00:00,0.662517903,10.35,9.71,10.3,10.88,9.16,10.27,9.76,10.39,9.61,9.26,,10.15,10.0,9.31,9.51,10.59,9.46,,10.54,10.86,8.57,10.91,,,9.66,,9.61,11.35,10.15,11.57,10.47,10.03,10.52,12.1,10.57,10.25,11.61,10.03,11.03,11.49,23,5
1403,35266,2017-05-28 09:00:00,-0.845725213,17.13,17.99,18.37,17.49,16.89,17.32,18.39,17.32,17.56,13.69,,16.63,16.8,16.84,16.8,16.2,14.86,,17.27,16.84,17.42,16.82,15.37,,19.91,,16.87,17.89,19.06,16.58,15.53,16.77,18.13,16.63,17.37,18.13,18.18,17.63,16.94,17.82,9,5
1886,52199,2019-05-03 22:00:00,1.790549768,,6.0,7.65,6.43,4.95,5.51,5.95,7.34,5.23,4.71,6.54,5.59,,6.56,5.05,6.31,5.95,7.12,,6.0,4.56,5.85,6.0,4.35,5.82,6.81,5.62,5.77,5.28,6.36,5.85,5.98,6.36,6.36,5.67,,5.59,,,8.27,22,5
1887,52209,2019-05-04 08:00:00,-0.497213437,,11.81,12.12,12.94,10.64,10.64,12.56,10.81,13.04,7.65,8.77,10.27,,9.9,12.56,11.03,8.02,8.27,,10.35,10.47,10.0,8.25,10.88,10.69,10.1,8.57,13.4,13.14,12.1,11.88,12.58,10.05,11.37,12.22,,11.93,,,13.16,8,5
1888,52230,2019-05-05 05:00:00,1.659265933,,7.07,6.76,7.14,5.23,6.97,6.91,6.31,6.69,4.9,5.51,6.76,,5.21,6.36,6.84,4.51,5.28,,7.67,4.82,7.02,5.59,4.9,5.95,7.09,5.44,8.27,6.76,8.07,7.27,7.82,8.0,8.15,7.37,,8.27,,,12.1,5,5
1889,52233,2019-05-05 08:00:00,-1.103194586,,11.78,10.96,11.71,11.49,11.1,11.42,9.61,12.63,7.04,6.99,12.34,,8.47,12.44,11.08,6.94,7.32,,11.57,11.66,11.49,8.27,9.44,9.98,11.37,10.54,12.61,12.53,11.52,12.9,12.97,11.95,11.32,12.53,,12.8,,,14.43,8,5
1890,52253,2019-05-06 04:00:00,3.111117183,,5.0,4.79,4.71,2.98,4.92,4.4,4.45,3.96,3.91,3.49,4.71,,4.14,3.56,3.91,3.27,3.62,,5.02,2.93,5.18,4.09,3.09,4.3,5.02,4.14,6.23,5.44,6.18,5.28,5.49,6.2,5.92,5.08,,6.51,,,13.5,4,5
1891,52258,2019-05-06 09:00:00,-5.264594248,,15.94,14.79,14.48,14.7,13.47,15.84,13.79,15.89,9.41,8.37,15.15,,13.47,15.89,12.7,9.41,9.98,,14.7,15.46,15.08,10.69,19.18,15.08,15.32,14.51,16.94,18.3,16.03,17.37,18.56,16.68,14.39,15.56,,17.11,,,19.77,9,5
1892,52277,2019-05-07 04:00:00,0.466885644,,5.95,6.03,6.0,4.35,6.0,6.0,6.54,5.87,5.54,4.53,5.75,,4.97,5.08,6.03,5.54,5.08,,6.51,3.78,6.74,6.84,5.13,5.54,6.36,6.0,7.27,5.9,7.37,6.15,6.56,7.19,6.59,5.85,,7.14,,,9.95,4,5
1893,52285,2019-05-07 12:00:00,-2.193927351,,11.73,11.05,11.2,10.96,11.3,11.25,9.61,12.49,9.41,8.17,11.32,,9.49,11.9,11.08,9.29,9.21,,11.05,11.42,10.79,8.67,10.1,10.27,10.05,9.85,12.12,10.98,11.88,12.1,11.81,11.73,11.15,11.81,,11.25,,,11.35,12,5
1894,52323,2019-05-09 02:00:00,1.680507943,,2.56,1.26,2.05,-1.07,1.91,2.16,-0.14,1.97,1.53,1.43,2.02,,1.34,1.81,2.4,1.51,1.34,,3.51,-0.34,1.29,-0.06,-0.76,0.8,2.42,0.66,2.9,2.88,2.07,2.56,1.72,2.45,3.01,2.9,,4.09,,,3.25,2,5
1895,52330,2019-05-09 09:00:00,-3.392916541,,13.16,10.88,11.1,10.83,10.03,12.22,10.08,12.46,7.22,5.75,10.59,,10.17,12.82,9.06,7.07,6.71,,10.25,11.71,11.81,6.89,15.89,11.08,11.15,10.79,12.97,14.29,12.44,13.28,14.05,12.41,10.61,11.78,,12.9,,,16.39,9,5
1896,52365,2019-05-10 20:00:00,4.049270819,,6.97,10.47,8.17,6.41,6.99,9.81,10.54,6.54,10.86,9.76,6.54,,9.44,5.85,11.18,9.78,10.49,,9.71,6.15,10.64,9.98,7.97,8.44,9.49,9.78,7.22,6.71,7.97,7.12,6.84,7.14,7.75,6.86,,7.07,,,8.42,20,5
1897,52369,2019-05-11 00:00:00,-3.474519838,,8.34,7.17,7.9,8.15,7.34,7.37,6.59,8.69,6.59,5.64,8.22,,6.71,8.57,8.32,6.23,6.76,,7.97,8.37,8.02,6.26,6.54,7.37,7.87,7.02,8.79,8.84,7.57,9.02,8.87,8.47,8.15,8.67,,9.06,,,6.51,0,5
1898,52421,2019-05-13 04:00:00,0.18795065,,4.64,3.96,5.23,4.19,4.45,3.99,3.41,4.82,3.78,2.29,4.14,,3.54,4.95,4.35,3.38,3.51,,4.79,3.7,5.08,3.2,3.93,3.22,4.97,4.17,5.85,6.0,4.82,5.64,5.21,5.75,4.61,5.33,,5.87,,,10.39,4,5
1899,52424,2019-05-13 07:00:00,-5.980810618,,8.07,7.82,8.72,9.36,7.85,8.64,6.0,10.22,4.97,3.88,8.22,,6.54,10.0,7.72,5.39,5.98,,8.99,7.92,7.42,4.58,7.07,8.0,8.82,6.91,10.03,10.57,9.21,9.49,11.42,10.05,8.42,9.36,,11.08,,,10.59,7,5
1900,52493,2019-05-16 04:00:00,0.985814567,,3.51,2.82,4.25,4.51,3.93,2.69,2.64,3.99,3.67,3.51,4.53,,2.82,4.25,4.06,3.27,3.96,,3.99,3.27,3.93,2.61,2.07,2.88,4.09,3.01,5.18,5.69,4.77,5.39,4.66,5.39,5.18,5.98,,5.82,,,11.81,4,5
1901,52497,2019-05-16 08:00:00,-6.510093917,,12.68,12.1,11.95,11.59,11.35,13.14,11.27,11.93,6.69,7.09,12.0,,10.49,11.66,11.37,8.17,9.19,,11.37,10.42,9.26,7.27,8.42,10.05,11.37,8.15,13.14,15.7,11.81,13.4,14.15,13.16,11.1,11.98,,13.31,,,13.35,8,5
1902,52512,2019-05-16 23:00:00,2.068290297,,6.43,6.86,7.27,4.87,6.84,6.36,7.14,5.95,6.13,5.57,6.56,,5.18,6.0,6.71,5.75,5.75,,7.75,4.3,6.79,5.64,5.62,6.08,7.42,5.72,7.95,6.15,8.1,6.43,6.31,7.02,8.64,7.27,,7.97,,,7.24,23,5
1903,52520,2019-05-17 07:00:00,-0.563411561,,6.0,5.05,5.62,5.95,5.8,5.64,4.61,6.15,4.84,4.17,6.08,,4.92,5.8,5.54,4.74,4.79,,5.57,5.87,6.08,4.71,5.0,5.28,5.8,5.49,6.74,6.26,5.75,6.91,6.18,6.28,5.85,6.13,,6.15,,,7.92,7,5
1904,52567,2019-05-19 06:00:00,0.731551118,,10.32,9.31,10.15,9.61,9.83,10.25,8.57,11.05,7.42,7.02,10.22,,7.75,10.59,9.46,7.92,8.07,,9.9,9.83,9.98,7.95,8.97,8.89,10.25,9.24,11.25,10.79,10.1,11.01,10.3,10.03,10.35,10.66,,10.79,,,12.1,6,5
1905,52570,2019-05-19 09:00:00,-1.856694251,,11.93,10.66,11.78,12.61,11.3,11.47,9.81,12.34,9.31,8.97,12.15,,9.66,12.0,11.42,9.63,10.15,,11.52,12.03,11.44,9.11,10.71,10.61,11.27,10.71,12.82,13.19,11.66,13.35,13.16,13.11,11.81,12.9,,13.19,,,17.37,9,5
1906,52590,2019-05-20 05:00:00,1.322349398,,14.15,13.79,14.36,14.51,14.98,15.03,14.7,14.96,14.75,13.38,15.29,,14.63,15.27,15.22,14.29,14.17,,15.46,14.89,15.65,15.1,14.72,14.46,15.27,15.1,14.72,14.7,14.29,15.01,14.98,15.37,14.29,14.6,,14.67,,,17.61,5,5
1907,52596,2019-05-20 11:00:00,-2.578571291,,19.67,18.51,18.65,18.68,18.79,18.6,16.99,20.1,15.58,15.32,19.41,,16.51,19.79,18.46,15.96,16.84,,18.44,18.77,17.92,15.46,16.96,17.18,17.65,16.63,20.01,18.99,19.72,20.22,19.41,18.94,18.99,19.25,,18.77,,,17.42,11,5
1908,52660,2019-05-23 03:00:00,0.160953889,,8.69,8.17,8.27,8.27,8.17,8.15,8.22,8.64,7.65,6.97,8.39,,6.97,8.25,8.34,7.29,7.47,,8.64,7.87,8.72,7.92,7.32,7.8,8.3,7.87,9.58,8.94,9.31,9.34,8.72,9.02,9.02,9.02,,9.36,,,11.39,3,5
1909,52670,2019-05-23 13:00:00,-3.462106369,,17.23,16.15,17.03,18.32,17.08,17.08,15.49,17.94,14.7,14.75,19.06,,15.84,17.99,17.8,15.46,16.65,,17.56,18.53,17.56,15.22,17.8,17.44,17.32,17.11,17.56,18.11,16.7,18.15,17.75,18.18,17.42,18.41,,17.89,,,14.63,13,5
1910,52706,2019-05-25 01:00:00,1.603182245,,6.99,6.54,8.74,4.87,5.8,7.12,5.85,5.98,6.51,7.52,6.79,,5.41,5.31,7.59,6.79,6.89,,7.14,4.06,7.17,5.57,5.69,6.61,7.47,5.75,8.47,6.91,8.3,6.71,6.36,7.44,9.14,6.74,,8.05,,,7.72,1,5
1911,52715,2019-05-25 10:00:00,-3.447133954,,19.63,19.51,18.75,19.2,17.51,20.06,17.03,18.75,14.24,15.75,18.53,,17.39,18.22,18.11,15.22,15.29,,18.37,19.25,18.13,14.86,17.87,18.56,17.84,18.18,20.41,21.7,18.84,19.32,19.77,19.41,19.27,19.63,,19.75,,,19.27,10,5
1912,52733,2019-05-26 04:00:00,0.732546876,,10.57,11.25,10.47,10.76,10.79,11.18,11.03,10.69,10.47,10.66,10.59,,10.59,10.79,10.69,10.83,10.79,,10.98,10.88,10.79,10.25,9.68,10.3,10.61,10.2,10.66,10.74,11.13,11.25,11.39,11.81,10.59,10.81,,10.83,,,15.89,4,5
1913,52742,2019-05-26 13:00:00,-2.929046655,,24.97,26.57,23.67,24.92,25.31,24.8,24.24,24.1,20.32,19.84,26.84,,22.01,24.39,24.29,21.34,22.2,,22.9,25.02,23.95,21.27,22.35,24.92,23.04,23.52,25.62,25.04,25.74,25.11,24.34,24.58,24.15,24.34,,23.86,,,21.53,13,5
1914,52779,2019-05-28 02:00:00,1.834039354,,5.31,5.44,6.46,4.19,5.54,5.18,4.51,5.13,5.44,5.33,5.92,,4.48,4.56,5.59,5.54,4.84,,6.97,3.59,6.41,5.85,5.85,6.48,5.59,5.54,6.97,5.59,6.86,6.1,5.44,5.95,7.24,6.38,,7.27,,,7.82,2,5
1915,52785,2019-05-28 08:00:00,-4.168142445,,9.58,8.44,9.71,9.95,9.36,9.58,7.65,10.2,7.52,7.52,10.15,,7.77,10.1,9.68,8.15,8.64,,9.68,10.05,9.66,7.47,8.27,9.41,9.49,8.99,9.9,9.93,9.36,10.27,9.76,9.88,9.76,10.44,,10.15,,,5.0,8,5
1916,52833,2019-05-30 08:00:00,0.999008402,,8.87,8.64,9.26,9.36,9.14,9.46,8.49,9.46,8.69,8.79,9.66,,8.47,9.51,9.36,8.79,9.06,,9.16,9.73,9.16,8.22,8.92,9.04,9.16,8.87,9.06,8.99,9.02,9.46,9.46,10.03,9.34,9.39,,9.46,,,12.8,8,5
1917,52841,2019-05-30 16:00:00,-1.602981482,,16.56,15.22,16.51,17.42,16.96,16.61,15.01,17.06,14.15,13.79,17.7,,14.86,17.18,16.82,15.65,16.13,,16.37,17.53,16.61,14.72,15.08,15.61,16.3,16.58,16.2,16.2,15.96,16.32,16.94,16.58,17.03,18.25,,16.77,,,13.76,16,5
